factor,horizon,feature_time,ic,p_value,n
momentum_1h,1,2026-09-08 16:00:00+00:00,-0.6,0.28475697986529386,5
momentum_1h,1,2026-09-09 16:00:00+00:00,0.14285714285714288,0.7599453002180928,7
momentum_1h,1,2026-09-09 17:00:00+00:00,0.5,0.25316999510032256,7
momentum_1h,1,2026-09-09 18:00:00+00:00,0.08571428571428573,0.8717434402332361,6
momentum_1h,1,2026-09-09 19:00:00+00:00,0.7,0.1881204043741873,5
momentum_1h,1,2026-09-10 13:00:00+00:00,-0.7857142857142859,0.03623846267982714,7
momentum_1h,1,2026-09-10 15:00:00+00:00,-0.09999999999999999,0.8728885715695384,5
momentum_1h,1,2026-09-11 03:00:00+00:00,-0.7,0.1881204043741873,5
momentum_1h,1,2026-09-11 06:00:00+00:00,0.09999999999999999,0.8728885715695384,5
momentum_1h,1,2026-09-11 08:00:00+00:00,-0.8999999999999998,0.03738607346849874,5
momentum_1h,1,2026-09-11 09:00:00+00:00,0.3,0.623837664781073,5
momentum_1h,1,2026-09-11 10:00:00+00:00,-0.5,0.1704706607870538,9
momentum_1h,1,2026-09-11 11:00:00+00:00,0.05454545454545454,0.8810361811618524,10
momentum_1h,1,2026-09-11 12:00:00+00:00,0.4265734265734266,0.16669998762494498,12
momentum_1h,1,2026-09-11 13:00:00+00:00,0.38235294117647056,0.14385924954389048,16
momentum_1h,1,2026-09-11 14:00:00+00:00,-0.15357142857142855,0.5847640949410158,15
momentum_1h,1,2026-09-11 15:00:00+00:00,-0.5539215686274511,0.021049824867067704,17
momentum_1h,1,2026-09-11 16:00:00+00:00,0.39010989010989006,0.18757411613383781,13
momentum_1h,1,2026-09-11 17:00:00+00:00,0.48901098901098894,0.08991308230865636,13
momentum_1h,1,2026-09-11 18:00:00+00:00,0.24835164835164836,0.3919195389384575,14
momentum_1h,1,2026-09-11 19:00:00+00:00,-0.3356643356643357,0.28612290291498743,12
momentum_1h,1,2026-09-11 20:00:00+00:00,0.25274725274725274,0.40477407127094645,13
momentum_1h,1,2026-09-11 21:00:00+00:00,-0.125,0.6571356681869506,15
momentum_1h,1,2026-09-11 22:00:00+00:00,-0.2867132867132868,0.36625146058358227,12
momentum_1h,1,2026-09-11 23:00:00+00:00,-0.3333333333333334,0.41975308641975323,8
momentum_1h,1,2026-09-12 00:00:00+00:00,-0.009090909090909092,0.9788365001441937,11
momentum_1h,1,2026-09-12 01:00:00+00:00,0.24285714285714283,0.3831283418393415,15
momentum_1h,1,2026-09-12 02:00:00+00:00,0.6147058823529412,0.011279474063305015,16
momentum_1h,1,2026-09-12 03:00:00+00:00,-0.05714285714285714,0.8108800461568324,20
momentum_1h,1,2026-09-12 04:00:00+00:00,-0.17032967032967034,0.5779754288392673,13
momentum_1h,1,2026-09-12 05:00:00+00:00,-0.3142857142857143,0.27380490296286775,14
momentum_1h,1,2026-09-12 06:00:00+00:00,-0.6071428571428571,0.01638130676830708,15
momentum_1h,1,2026-09-12 07:00:00+00:00,-0.12648221343873517,0.5652386723187266,23
momentum_1h,1,2026-09-12 08:00:00+00:00,0.31487179487179484,0.11717753881015366,26
momentum_1h,1,2026-09-12 09:00:00+00:00,-0.2823296106878197,0.0216316684545252,66
momentum_1h,1,2026-09-12 10:00:00+00:00,-0.20714285714285713,0.10051778317705758,64
momentum_1h,1,2026-09-12 11:00:00+00:00,-0.13015342866089138,0.29759381755973363,66
momentum_1h,1,2026-09-12 12:00:00+00:00,-0.044886363636363634,0.7225575898141546,65
momentum_1h,1,2026-09-12 13:00:00+00:00,0.2138056835637481,0.09245939379414526,63
momentum_1h,1,2026-09-12 14:00:00+00:00,-0.0794697839473959,0.5258952354305599,66
momentum_1h,1,2026-09-12 15:00:00+00:00,-0.1739151305683564,0.1728258098776391,63
momentum_1h,1,2026-09-12 16:00:00+00:00,0.09896670493685421,0.42918267915191644,66
momentum_1h,1,2026-09-12 17:00:00+00:00,0.005746667730864395,0.9631877845175686,67
momentum_1h,1,2026-09-12 18:00:00+00:00,-0.27038900067069077,0.022574670659958232,71
momentum_1h,1,2026-09-12 19:00:00+00:00,-0.0756555944055944,0.5491867266376742,65
momentum_1h,1,2026-09-12 20:00:00+00:00,-0.05129202556265631,0.6971245441215018,60
momentum_1h,1,2026-09-12 21:00:00+00:00,0.03480684469795178,0.7971464613663084,57
momentum_1h,1,2026-09-12 22:00:00+00:00,-0.01536796536796537,0.9113304035624271,55
momentum_1h,1,2026-09-12 23:00:00+00:00,-0.05956702100077781,0.6598292282233702,57
momentum_1h,1,2026-09-13 00:00:00+00:00,0.13106040964480167,0.331168619760257,57
momentum_1h,1,2026-09-13 01:00:00+00:00,-0.007335370936371215,0.9556405443944408,60
momentum_1h,1,2026-09-13 02:00:00+00:00,-0.026516582307169297,0.8379013895501773,62
momentum_1h,1,2026-09-13 03:00:00+00:00,-0.25520888418826015,0.04714300074431341,61
momentum_1h,1,2026-09-13 04:00:00+00:00,-0.15114468864468864,0.2331869473412791,64
momentum_1h,1,2026-09-13 05:00:00+00:00,-0.1982669771347864,0.10506607932659132,68
momentum_1h,1,2026-09-13 06:00:00+00:00,0.04469977478337214,0.7173886944417925,68
momentum_1h,1,2026-09-13 07:00:00+00:00,-0.03843933164202607,0.7520536931183471,70
momentum_1h,1,2026-09-13 08:00:00+00:00,0.174674754569399,0.15743161686917587,67
momentum_1h,1,2026-09-13 09:00:00+00:00,-0.27781807077146237,0.02180025114839367,68
momentum_1h,1,2026-09-13 10:00:00+00:00,-0.15329670329670328,0.22652215819043858,64
momentum_1h,1,2026-09-13 11:00:00+00:00,0.07466861496712245,0.551273335003313,66
momentum_1h,1,2026-09-13 12:00:00+00:00,-0.08424628774287131,0.4945761229593504,68
momentum_1h,1,2026-09-13 13:00:00+00:00,-0.0070652844625447376,0.9526935373208274,73
momentum_1h,1,2026-09-13 14:00:00+00:00,0.0453726927776706,0.7050911237678075,72
momentum_1h,1,2026-09-13 15:00:00+00:00,-0.05001826817683596,0.6831648877793776,69
momentum_1h,1,2026-09-13 16:00:00+00:00,0.06580197296309828,0.5911367974028747,69
momentum_1h,1,2026-09-13 17:00:00+00:00,0.03511852502194908,0.7761701886475563,68
momentum_1h,1,2026-09-13 18:00:00+00:00,-0.1239073176317899,0.3140748441662518,68
momentum_1h,1,2026-09-13 19:00:00+00:00,-0.10911172161172158,0.39075098646406614,64
momentum_1h,1,2026-09-13 20:00:00+00:00,-0.2840270957669159,0.025272532356134796,62
momentum_1h,1,2026-09-13 21:00:00+00:00,0.05885176651305684,0.6468340501332419,63
momentum_1h,1,2026-09-13 22:00:00+00:00,0.2197344322344322,0.08105090300896098,64
momentum_1h,1,2026-09-13 23:00:00+00:00,-0.1417530721966206,0.26777255142308626,63
momentum_1h,1,2026-09-14 00:00:00+00:00,-0.039611190853919565,0.7598548785737043,62
momentum_1h,1,2026-09-14 01:00:00+00:00,0.03517916949963486,0.7860466278268349,62
momentum_1h,1,2026-09-14 02:00:00+00:00,0.009443227317367985,0.9419299229182555,62
momentum_1h,1,2026-09-14 03:00:00+00:00,-0.186756993006993,0.136327306637459,65
momentum_1h,1,2026-09-14 04:00:00+00:00,-0.06776279032644267,0.5858559479578969,67
momentum_1h,1,2026-09-14 05:00:00+00:00,-0.068082049644824,0.584087425555074,67
momentum_1h,1,2026-09-14 06:00:00+00:00,-0.03737668980635733,0.7604357229161516,69
momentum_1h,1,2026-09-14 07:00:00+00:00,-0.18568920105355577,0.1324666200149223,67
momentum_1h,1,2026-09-14 08:00:00+00:00,-0.1668529012690558,0.17716689275631683,67
momentum_1h,1,2026-09-14 09:00:00+00:00,-0.09386570981410085,0.4464365675477364,68
momentum_1h,1,2026-09-14 10:00:00+00:00,0.3316770186335404,0.005368268187301037,69
momentum_1h,1,2026-09-14 11:00:00+00:00,-0.06570899666790077,0.578054565283016,74
momentum_1h,1,2026-09-14 12:00:00+00:00,0.12584845119091695,0.2887281095199604,73
momentum_1h,1,2026-09-14 13:00:00+00:00,-0.034793234291594324,0.7717005107848269,72
momentum_1h,1,2026-09-14 14:00:00+00:00,-0.04592774035517452,0.7057726960079178,70
momentum_1h,1,2026-09-14 15:00:00+00:00,-0.017979157918845665,0.8842980027841987,68
momentum_1h,1,2026-09-14 16:00:00+00:00,-0.00917062477164779,0.9403843341039417,69
momentum_1h,1,2026-09-14 17:00:00+00:00,-0.3047019622362089,0.008765011273058643,73
momentum_1h,1,2026-09-14 18:00:00+00:00,-0.009892689470154259,0.9347424008571643,71
momentum_1h,1,2026-09-14 19:00:00+00:00,0.059255533199195166,0.6235218033882203,71
momentum_1h,1,2026-09-14 20:00:00+00:00,-0.12217756667884547,0.31726441306745623,69
momentum_1h,1,2026-09-14 21:00:00+00:00,-0.11948356807511736,0.32096485688007365,71
momentum_1h,1,2026-09-14 22:00:00+00:00,-0.032945499081445194,0.7865816330637344,70
momentum_1h,1,2026-09-14 23:00:00+00:00,0.09354299311852854,0.4344714716081978,72
momentum_1h,1,2026-09-15 00:00:00+00:00,0.11444318082407488,0.34549467523666744,70
momentum_1h,1,2026-09-15 01:00:00+00:00,0.07395887694395158,0.5550741323642754,66
momentum_1h,1,2026-09-15 02:00:00+00:00,0.02610985990762301,0.8326128794061737,68
momentum_1h,1,2026-09-15 03:00:00+00:00,-0.02523189678207428,0.8381640058386115,68
momentum_1h,1,2026-09-15 04:00:00+00:00,-0.06990803267091132,0.5595417685989199,72
momentum_1h,1,2026-09-15 05:00:00+00:00,-0.04168797953964194,0.733775184795213,69
momentum_1h,1,2026-09-15 06:00:00+00:00,-0.06525821596244132,0.5887198212111763,71
momentum_1h,1,2026-09-15 07:00:00+00:00,-0.04143222506393863,0.7353483699358389,69
momentum_1h,1,2026-09-15 08:00:00+00:00,0.2128106271710501,0.081444552935605,68
momentum_1h,1,2026-09-15 09:00:00+00:00,-0.06496927129060578,0.598628187960595,68
momentum_1h,1,2026-09-15 10:00:00+00:00,0.22414486921529175,0.062128860535033734,70
momentum_1h,1,2026-09-15 11:00:00+00:00,-0.0792655476236414,0.5080598408507057,72
momentum_1h,1,2026-09-15 12:00:00+00:00,0.15746993375779794,0.18648449767139935,72
momentum_1h,1,2026-09-15 13:00:00+00:00,0.19866287339971547,0.08751576954638607,75
momentum_1h,1,2026-09-15 14:00:00+00:00,-0.1776072029236586,0.11979004171139337,78
momentum_1h,1,2026-09-15 15:00:00+00:00,0.024269717624148004,0.8318676100837963,79
momentum_1h,1,2026-09-15 16:00:00+00:00,0.02629016553067186,0.8192737098693941,78
momentum_1h,1,2026-09-15 17:00:00+00:00,0.021659634317862168,0.8487582998942161,80
momentum_1h,1,2026-09-15 18:00:00+00:00,-0.21946702800361337,0.04900198769710312,81
momentum_1h,1,2026-09-15 19:00:00+00:00,0.040846312077578606,0.7155945385334335,82
momentum_1h,1,2026-09-15 20:00:00+00:00,-0.025058602906704173,0.8253742391499673,80
momentum_1h,1,2026-09-15 21:00:00+00:00,0.1318807774503977,0.24974453998487003,78
momentum_1h,1,2026-09-15 22:00:00+00:00,-0.11562122088437876,0.316662195876971,77
momentum_1h,1,2026-09-15 23:00:00+00:00,-0.10033320992225103,0.39834230862006614,73
momentum_1h,1,2026-09-16 00:00:00+00:00,0.2178918258408901,0.06596298527864886,72
momentum_1h,1,2026-09-16 01:00:00+00:00,-0.15644381223328593,0.18012933970823009,75
momentum_1h,1,2026-09-16 02:00:00+00:00,0.06676727028839705,0.5801107529655263,71
momentum_1h,1,2026-09-16 03:00:00+00:00,0.08337595907928388,0.4958034329230125,69
momentum_1h,1,2026-09-16 04:00:00+00:00,-0.06943543153796235,0.5736776693875721,68
momentum_1h,1,2026-09-16 05:00:00+00:00,0.22152550003215646,0.06146764548239019,72
momentum_1h,1,2026-09-16 06:00:00+00:00,-0.11787913578958358,0.34586045549364514,66
momentum_4h,1,2026-09-09 17:00:00+00:00,0.2,0.7040000000000001,6
momentum_4h,1,2026-09-09 19:00:00+00:00,0.8285714285714287,0.04156268221574335,6
momentum_4h,1,2026-09-09 21:00:00+00:00,-0.3,0.623837664781073,5
momentum_4h,1,2026-09-10 04:00:00+00:00,0.19999999999999998,0.7470600781046621,5
momentum_4h,1,2026-09-10 15:00:00+00:00,-0.7,0.1881204043741873,5
momentum_4h,1,2026-09-10 17:00:00+00:00,0.09999999999999999,0.8728885715695384,5
momentum_4h,1,2026-09-10 18:00:00+00:00,-0.6,0.208,6
momentum_4h,1,2026-09-11 05:00:00+00:00,0.3,0.623837664781073,5
momentum_4h,1,2026-09-11 06:00:00+00:00,-0.3,0.623837664781073,5
momentum_4h,1,2026-09-11 08:00:00+00:00,-0.3,0.623837664781073,5
momentum_4h,1,2026-09-11 09:00:00+00:00,0.7,0.1881204043741873,5
momentum_4h,1,2026-09-11 10:00:00+00:00,-0.03571428571428572,0.9394082054712856,7
momentum_4h,1,2026-09-11 11:00:00+00:00,-0.3142857142857143,0.5440932944606415,6
momentum_4h,1,2026-09-11 12:00:00+00:00,-0.016666666666666666,0.9660548039946862,9
momentum_4h,1,2026-09-11 13:00:00+00:00,0.19999999999999998,0.6059012741795534,9
momentum_4h,1,2026-09-11 14:00:00+00:00,-0.7833333333333333,0.012519873019449885,9
momentum_4h,1,2026-09-11 15:00:00+00:00,-0.690909090909091,0.018565033381595007,11
momentum_4h,1,2026-09-11 16:00:00+00:00,0.07878787878787878,0.8287173946974605,10
momentum_4h,1,2026-09-11 17:00:00+00:00,-0.2545454545454546,0.4500365768888286,11
momentum_4h,1,2026-09-11 18:00:00+00:00,-0.11188811188811189,0.729194990751066,12
momentum_4h,1,2026-09-11 19:00:00+00:00,0.14285714285714285,0.6415164215860882,13
momentum_4h,1,2026-09-11 20:00:00+00:00,0.2447552447552448,0.44326193645018325,12
momentum_4h,1,2026-09-11 21:00:00+00:00,-0.21978021978021978,0.4706148514721426,13
momentum_4h,1,2026-09-11 22:00:00+00:00,-0.13636363636363638,0.689309020586362,11
momentum_4h,1,2026-09-11 23:00:00+00:00,-0.523809523809524,0.18272075053971482,8
momentum_4h,1,2026-09-12 00:00:00+00:00,0.2571428571428572,0.6227871720116619,6
momentum_4h,1,2026-09-12 01:00:00+00:00,-0.4424242424242424,0.20042268671194216,10
momentum_4h,1,2026-09-12 02:00:00+00:00,0.2517482517482518,0.4299187850328841,12
momentum_4h,1,2026-09-12 03:00:00+00:00,-0.22637362637362637,0.4364347945560527,14
momentum_4h,1,2026-09-12 04:00:00+00:00,0.2447552447552448,0.44326193645018325,12
momentum_4h,1,2026-09-12 05:00:00+00:00,0.15454545454545454,0.6500339654975801,11
momentum_4h,1,2026-09-12 06:00:00+00:00,-0.42002063983488136,0.08267356720316328,18
momentum_4h,1,2026-09-12 07:00:00+00:00,0.25490196078431376,0.3234600340651103,17
momentum_4h,1,2026-09-12 08:00:00+00:00,0.4220846233230134,0.08101904869498931,18
momentum_4h,1,2026-09-12 09:00:00+00:00,-0.5340659340659341,0.04915991637198507,14
momentum_4h,1,2026-09-12 10:00:00+00:00,-0.18961038961038962,0.4103911543962162,21
momentum_4h,1,2026-09-12 11:00:00+00:00,0.18238283455674761,0.4165826345402512,22
momentum_4h,1,2026-09-12 12:00:00+00:00,-0.11327838827838826,0.3728007078751395,64
momentum_4h,1,2026-09-12 13:00:00+00:00,0.1989980169084647,0.10919003419786776,66
momentum_4h,1,2026-09-12 14:00:00+00:00,0.09853140713544578,0.4276207730766837,67
momentum_4h,1,2026-09-12 15:00:00+00:00,-0.07582408811557188,0.5419638935027326,67
momentum_4h,1,2026-09-12 16:00:00+00:00,-0.19694794893102666,0.12496069592132086,62
momentum_4h,1,2026-09-12 17:00:00+00:00,-0.02166972623513449,0.8618208643816353,67
momentum_4h,1,2026-09-12 18:00:00+00:00,-0.21135580837073378,0.0884635015851463,66
momentum_4h,1,2026-09-12 19:00:00+00:00,0.04532967032967033,0.7220854770261461,64
momentum_4h,1,2026-09-12 20:00:00+00:00,-0.08796888024451238,0.503899021917226,60
momentum_4h,1,2026-09-12 21:00:00+00:00,-0.08281706604324958,0.5328956225025976,59
momentum_4h,1,2026-09-12 22:00:00+00:00,-0.21461133839859733,0.10262235677627116,59
momentum_4h,1,2026-09-12 23:00:00+00:00,-0.15065295915532093,0.25056555116568846,60
momentum_4h,1,2026-09-13 00:00:00+00:00,0.06060285563194077,0.6426776657965255,61
momentum_4h,1,2026-09-13 01:00:00+00:00,0.08112109994711791,0.5342744297191773,61
momentum_4h,1,2026-09-13 02:00:00+00:00,-0.20553539019963704,0.1250771738466744,57
momentum_4h,1,2026-09-13 03:00:00+00:00,-0.2274108708357686,0.08324203244640374,59
momentum_4h,1,2026-09-13 04:00:00+00:00,-0.2704266510812391,0.03831092919892045,59
momentum_4h,1,2026-09-13 05:00:00+00:00,-0.012980769230769231,0.9182582493328644,65
momentum_4h,1,2026-09-13 06:00:00+00:00,-0.17376373626373626,0.16969523608761167,64
momentum_4h,1,2026-09-13 07:00:00+00:00,-0.0029930561098252062,0.9808221264331854,67
momentum_4h,1,2026-09-13 08:00:00+00:00,-0.13452797202797204,0.2853309805470285,65
momentum_4h,1,2026-09-13 09:00:00+00:00,0.06473228264273043,0.605587828609258,66
momentum_4h,1,2026-09-13 10:00:00+00:00,-0.12871503496503495,0.30684873008401553,65
momentum_4h,1,2026-09-13 11:00:00+00:00,0.08165057067603161,0.5112713421961685,67
momentum_4h,1,2026-09-13 12:00:00+00:00,-0.04914139568871027,0.6884317761810437,69
momentum_4h,1,2026-09-13 13:00:00+00:00,-0.14673957621326042,0.20590555621197135,76
momentum_4h,1,2026-09-13 14:00:00+00:00,-0.15315224681421863,0.2022684081828286,71
momentum_4h,1,2026-09-13 15:00:00+00:00,0.04189560439560439,0.7423799025885529,64
momentum_4h,1,2026-09-13 16:00:00+00:00,-0.07928388746803068,0.5204295721259296,68
momentum_4h,1,2026-09-13 17:00:00+00:00,0.005882352941176471,0.9617399683714051,69
momentum_4h,1,2026-09-13 18:00:00+00:00,-0.2604357889695906,0.03329384163764911,67
momentum_4h,1,2026-09-13 19:00:00+00:00,0.07747252747252746,0.5428688611197094,64
momentum_4h,1,2026-09-13 20:00:00+00:00,0.12288786482334871,0.33730533507343075,63
momentum_4h,1,2026-09-13 21:00:00+00:00,0.07723694316436253,0.5473919483545894,63
momentum_4h,1,2026-09-13 22:00:00+00:00,0.055082417582417574,0.6655213794898807,64
momentum_4h,1,2026-09-13 23:00:00+00:00,-0.15081463574324494,0.24197872707596932,62
momentum_4h,1,2026-09-14 00:00:00+00:00,-0.06435120866907476,0.625207423988537,60
momentum_4h,1,2026-09-14 01:00:00+00:00,-0.40847624084006945,0.000980941578023693,62
momentum_4h,1,2026-09-14 02:00:00+00:00,-0.006345848757271284,0.9612876513793821,61
momentum_4h,1,2026-09-14 03:00:00+00:00,-0.2454670329670329,0.05057630743811691,64
momentum_4h,1,2026-09-14 04:00:00+00:00,0.029941326080934753,0.817305418872939,62
momentum_4h,1,2026-09-14 05:00:00+00:00,-0.04683742413253425,0.7044807667036388,68
momentum_4h,1,2026-09-14 06:00:00+00:00,0.0687884024577573,0.5921708851830938,63
momentum_4h,1,2026-09-14 07:00:00+00:00,-0.16658395999541928,0.1745503655711471,68
momentum_4h,1,2026-09-14 08:00:00+00:00,-0.028321678321678322,0.8227953629005048,65
momentum_4h,1,2026-09-14 09:00:00+00:00,-0.15445151863062312,0.21562649356298427,66
momentum_4h,1,2026-09-14 10:00:00+00:00,0.3761875601434695,0.001329598939919506,70
momentum_4h,1,2026-09-14 11:00:00+00:00,0.07848944835246206,0.5092160336152116,73
momentum_4h,1,2026-09-14 12:00:00+00:00,0.019885982562038898,0.8692554635587046,71
momentum_4h,1,2026-09-14 13:00:00+00:00,-0.15388299145981327,0.21375605659691102,67
momentum_4h,1,2026-09-14 14:00:00+00:00,-0.29699938763012856,0.012533790504975306,70
momentum_4h,1,2026-09-14 15:00:00+00:00,0.0359964881474978,0.7707256591409142,68
momentum_4h,1,2026-09-14 16:00:00+00:00,-0.15390057238407617,0.19679388961641264,72
momentum_4h,1,2026-09-14 17:00:00+00:00,-0.2765007112375533,0.01633399915787662,75
momentum_4h,1,2026-09-14 18:00:00+00:00,-0.15643012558689925,0.20269908109047854,68
momentum_4h,1,2026-09-14 19:00:00+00:00,-0.24092741935483872,0.05715398864662793,63
momentum_4h,1,2026-09-14 20:00:00+00:00,-0.17340153452685425,0.15418998143338405,69
momentum_4h,1,2026-09-14 21:00:00+00:00,-0.08890006706908116,0.4609699756017816,71
momentum_4h,1,2026-09-14 22:00:00+00:00,0.05149327409601383,0.6652673467458128,73
momentum_4h,1,2026-09-14 23:00:00+00:00,0.08841797588600658,0.47001542361927257,69
momentum_4h,1,2026-09-15 00:00:00+00:00,0.07234198027036902,0.5547118375464324,69
momentum_4h,1,2026-09-15 01:00:00+00:00,0.2540605877464683,0.04630643881550972,62
momentum_4h,1,2026-09-15 02:00:00+00:00,0.16818181818181818,0.18051304912414937,65
momentum_4h,1,2026-09-15 03:00:00+00:00,-0.1641180415828303,0.17142777849619092,71
momentum_4h,1,2026-09-15 04:00:00+00:00,-0.22038728534892219,0.06880859986839515,69
momentum_4h,1,2026-09-15 05:00:00+00:00,0.14515893313847278,0.23401971187739828,69
momentum_4h,1,2026-09-15 06:00:00+00:00,-0.02518315018315018,0.8434161195620276,64
momentum_4h,1,2026-09-15 07:00:00+00:00,0.16743798593113665,0.1567998604835371,73
momentum_4h,1,2026-09-15 08:00:00+00:00,0.12466203872853489,0.3074483535267371,69
momentum_4h,1,2026-09-15 09:00:00+00:00,0.029745137491616364,0.8054944064352759,71
momentum_4h,1,2026-09-15 10:00:00+00:00,0.03485568140299598,0.7761575016547065,69
momentum_4h,1,2026-09-15 11:00:00+00:00,0.03723712135828671,0.7561463292449851,72
momentum_4h,1,2026-09-15 12:00:00+00:00,-0.03591262495372085,0.7629273023779458,73
momentum_4h,1,2026-09-15 13:00:00+00:00,-0.08866532528504359,0.4621591557231821,71
momentum_4h,1,2026-09-15 14:00:00+00:00,-0.1411664295874822,0.2270226451732978,75
momentum_4h,1,2026-09-15 15:00:00+00:00,0.17692706405035166,0.1315552703239446,74
momentum_4h,1,2026-09-15 16:00:00+00:00,0.11893372824879672,0.31284212242192677,74
momentum_4h,1,2026-09-15 17:00:00+00:00,0.21802168021680218,0.05054913929497153,81
momentum_4h,1,2026-09-15 18:00:00+00:00,-0.12032619279454723,0.2908406031798503,79
momentum_4h,1,2026-09-15 19:00:00+00:00,0.035306798464693194,0.7604853533709615,77
momentum_4h,1,2026-09-15 20:00:00+00:00,0.037595316076328725,0.7438284662223482,78
momentum_4h,1,2026-09-15 21:00:00+00:00,0.16144907723855093,0.16352505731444114,76
momentum_4h,1,2026-09-15 22:00:00+00:00,-0.1404726644452672,0.2358704028650645,73
momentum_4h,1,2026-09-15 23:00:00+00:00,0.13540170307293592,0.2500425769038571,74
momentum_4h,1,2026-09-16 00:00:00+00:00,0.17788106630211892,0.12421520766419082,76
momentum_4h,1,2026-09-16 01:00:00+00:00,-0.08916073968705547,0.44683480692337435,75
momentum_4h,1,2026-09-16 02:00:00+00:00,0.10080379978078187,0.40985762167458917,69
momentum_4h,1,2026-09-16 03:00:00+00:00,-0.02333916083916084,0.8535895468387497,65
momentum_4h,1,2026-09-16 04:00:00+00:00,-0.0005030181086519114,0.9966781996689258,71
momentum_4h,1,2026-09-16 05:00:00+00:00,0.11139882774910331,0.3585614961260635,70
momentum_4h,1,2026-09-16 06:00:00+00:00,-0.03607630297709315,0.7719429068415613,67
momentum_24h,1,2026-09-08 15:00:00+00:00,-0.09999999999999999,0.8728885715695384,5
momentum_24h,1,2026-09-09 16:00:00+00:00,-0.3714285714285715,0.4684781341107872,6
momentum_24h,1,2026-09-10 12:00:00+00:00,0.3,0.623837664781073,5
momentum_24h,1,2026-09-11 12:00:00+00:00,0.5272727272727273,0.09556521835315424,11
momentum_24h,1,2026-09-11 13:00:00+00:00,0.08571428571428573,0.8717434402332361,6
momentum_24h,1,2026-09-11 14:00:00+00:00,0.0,1.0,5
momentum_24h,1,2026-09-11 15:00:00+00:00,0.0,1.0,5
momentum_24h,1,2026-09-11 17:00:00+00:00,0.3,0.623837664781073,5
momentum_24h,1,2026-09-11 18:00:00+00:00,0.48571428571428577,0.3287230320699708,6
momentum_24h,1,2026-09-12 03:00:00+00:00,0.09999999999999999,0.8728885715695384,5
momentum_24h,1,2026-09-12 09:00:00+00:00,0.07142857142857144,0.8790481931481541,7
momentum_24h,1,2026-09-12 10:00:00+00:00,-0.5428571428571429,0.26570262390670546,6
momentum_24h,1,2026-09-12 11:00:00+00:00,0.9285714285714288,0.002519472403794688,7
momentum_24h,1,2026-09-12 12:00:00+00:00,0.2,0.7040000000000001,6
momentum_24h,1,2026-09-12 13:00:00+00:00,0.5030303030303029,0.13833369839449194,10
momentum_24h,1,2026-09-12 14:00:00+00:00,-0.6666666666666667,0.049867230568885125,9
momentum_24h,1,2026-09-12 15:00:00+00:00,-0.32867132867132864,0.2969041156887641,12
momentum_24h,1,2026-09-12 16:00:00+00:00,0.7818181818181817,0.00754700778106788,10
momentum_24h,1,2026-09-12 17:00:00+00:00,0.08181818181818183,0.810990394300046,11
momentum_24h,1,2026-09-12 18:00:00+00:00,0.013986013986013986,0.9655902689187796,12
momentum_24h,1,2026-09-12 19:00:00+00:00,0.09999999999999999,0.797971695234851,9
momentum_24h,1,2026-09-12 20:00:00+00:00,-0.03571428571428572,0.9394082054712856,7
momentum_24h,1,2026-09-12 21:00:00+00:00,0.19999999999999998,0.7470600781046621,5
momentum_24h,1,2026-09-12 23:00:00+00:00,0.4047619047619048,0.3198886412288164,8
momentum_24h,1,2026-09-13 00:00:00+00:00,0.18181818181818185,0.5717012385276553,12
momentum_24h,1,2026-09-13 01:00:00+00:00,0.34545454545454546,0.3282265114713673,10
momentum_24h,1,2026-09-13 02:00:00+00:00,-0.07120743034055728,0.7788829476841138,18
momentum_24h,1,2026-09-13 03:00:00+00:00,0.06764705882352941,0.8034203137966693,16
momentum_24h,1,2026-09-13 04:00:00+00:00,-0.23333333333333334,0.336357069442272,19
momentum_24h,1,2026-09-13 05:00:00+00:00,-0.12745098039215688,0.6259301508467394,17
momentum_24h,1,2026-09-13 06:00:00+00:00,-0.4229249011857708,0.04436237757305658,23
momentum_24h,1,2026-09-13 07:00:00+00:00,-0.33153846153846156,0.10544852239189588,25
momentum_24h,1,2026-09-13 08:00:00+00:00,-0.25536754729028655,0.03701001011585044,67
momentum_24h,1,2026-09-13 09:00:00+00:00,0.15662098713593156,0.20214182515064782,68
momentum_24h,1,2026-09-13 10:00:00+00:00,-0.04238671274961598,0.7415168449309095,63
momentum_24h,1,2026-09-13 11:00:00+00:00,0.017172086225794667,0.8886232963035412,69
momentum_24h,1,2026-09-13 12:00:00+00:00,0.1873499634693665,0.1319824415842922,66
momentum_24h,1,2026-09-13 13:00:00+00:00,-0.02287175739861162,0.8520208411786965,69
momentum_24h,1,2026-09-13 14:00:00+00:00,0.03872247155829246,0.7575588568479793,66
momentum_24h,1,2026-09-13 15:00:00+00:00,0.08588286713286714,0.49635677951089036,65
momentum_24h,1,2026-09-13 16:00:00+00:00,-0.11643772893772891,0.35952817833413026,64
momentum_24h,1,2026-09-13 17:00:00+00:00,0.16204989040809942,0.1936157096531769,66
momentum_24h,1,2026-09-13 18:00:00+00:00,-0.10990502035278156,0.37968427541180977,66
momentum_24h,1,2026-09-13 19:00:00+00:00,0.1345526113671275,0.29308309177681746,63
momentum_24h,1,2026-09-13 20:00:00+00:00,-0.10330647402056128,0.4321720499347707,60
momentum_24h,1,2026-09-13 21:00:00+00:00,0.020547057298418464,0.8794187755797601,57
momentum_24h,1,2026-09-13 22:00:00+00:00,0.0946507121104925,0.4797307803900494,58
momentum_24h,1,2026-09-13 23:00:00+00:00,-0.012963443090484833,0.9237528742876786,57
momentum_24h,1,2026-09-14 00:00:00+00:00,0.03267095265926359,0.8059558655755692,59
momentum_24h,1,2026-09-14 01:00:00+00:00,-0.4050847457627119,0.0014597669907634176,59
momentum_24h,1,2026-09-14 02:00:00+00:00,-0.13275909974993055,0.3119207413215333,60
momentum_24h,1,2026-09-14 03:00:00+00:00,0.010207702745016181,0.93516727897773,66
momentum_24h,1,2026-09-14 04:00:00+00:00,0.07801573426573426,0.536759093286882,65
momentum_24h,1,2026-09-14 05:00:00+00:00,-0.00024001536098310295,0.9985104195811237,63
momentum_24h,1,2026-09-14 06:00:00+00:00,0.053793967226803054,0.6679341105273703,66
momentum_24h,1,2026-09-14 07:00:00+00:00,-0.10116529651209197,0.4153110493461949,67
momentum_24h,1,2026-09-14 08:00:00+00:00,0.14606643356643356,0.245635805115298,65
momentum_24h,1,2026-09-14 09:00:00+00:00,-0.08299798792756538,0.4913717801664674,71
momentum_24h,1,2026-09-14 10:00:00+00:00,0.18034875922199864,0.13231308219631469,71
momentum_24h,1,2026-09-14 11:00:00+00:00,-0.09414335664335664,0.4557037799288822,65
momentum_24h,1,2026-09-14 12:00:00+00:00,0.15351469547880894,0.19793240113878685,72
momentum_24h,1,2026-09-14 13:00:00+00:00,-0.07737874861162532,0.5122820680454755,74
momentum_24h,1,2026-09-14 14:00:00+00:00,-0.26613080014614543,0.02708514724348873,69
momentum_24h,1,2026-09-14 15:00:00+00:00,-0.01368824327560061,0.9124572134739087,67
momentum_24h,1,2026-09-14 16:00:00+00:00,0.08840706951177614,0.4734278144778313,68
momentum_24h,1,2026-09-14 17:00:00+00:00,-0.15923366284664509,0.1879475482427386,70
momentum_24h,1,2026-09-14 18:00:00+00:00,-0.0022521662785815167,0.9854573352581928,68
momentum_24h,1,2026-09-14 19:00:00+00:00,-0.16985750822067958,0.1629167350265976,69
momentum_24h,1,2026-09-14 20:00:00+00:00,-0.18768457179343928,0.12828384877139176,67
momentum_24h,1,2026-09-14 21:00:00+00:00,-0.007188644688644687,0.9550419540022721,64
momentum_24h,1,2026-09-14 22:00:00+00:00,-0.08691998538545855,0.4776005566984244,69
momentum_24h,1,2026-09-14 23:00:00+00:00,-0.23465559901029612,0.05595661269676466,67
momentum_24h,1,2026-09-15 00:00:00+00:00,0.05595238095238095,0.6605592757719365,64
momentum_24h,1,2026-09-15 01:00:00+00:00,-0.09576612903225808,0.45529467006917956,63
momentum_24h,1,2026-09-15 02:00:00+00:00,-0.2940261183662129,0.022591958350452395,60
momentum_24h,1,2026-09-15 03:00:00+00:00,-0.03112897332846182,0.7995617757964271,69
momentum_24h,1,2026-09-15 04:00:00+00:00,-0.072680077871512,0.5558589159184532,68
momentum_24h,1,2026-09-15 05:00:00+00:00,-0.21322531726394767,0.08319104717467389,67
momentum_24h,1,2026-09-15 06:00:00+00:00,0.18566433566433566,0.1386765283021785,65
momentum_24h,1,2026-09-15 07:00:00+00:00,0.21079096496128982,0.086855271353963,67
momentum_24h,1,2026-09-15 08:00:00+00:00,0.09267399267399268,0.46639978618952244,64
momentum_24h,1,2026-09-15 09:00:00+00:00,-0.17197802197802195,0.17419205107555147,64
momentum_24h,1,2026-09-15 10:00:00+00:00,-0.017806841046277663,0.8828230179287506,71
momentum_24h,1,2026-09-15 11:00:00+00:00,-0.2885502557144349,0.01879257474683604,66
momentum_24h,1,2026-09-15 12:00:00+00:00,0.07581020727564225,0.5389232382521263,68
momentum_24h,1,2026-09-15 13:00:00+00:00,0.1329433543132173,0.2588249277622335,74
momentum_24h,1,2026-09-15 14:00:00+00:00,-0.08658909981628904,0.4759989931975359,70
momentum_24h,1,2026-09-15 15:00:00+00:00,0.16262794156241797,0.17858722100057933,70
momentum_24h,1,2026-09-15 16:00:00+00:00,-0.1377711958533876,0.24177263227247744,74
momentum_24h,1,2026-09-15 17:00:00+00:00,0.34071191965928804,0.0024285089652318595,77
momentum_24h,1,2026-09-15 18:00:00+00:00,-0.042458348759718614,0.7194571052221157,74
momentum_24h,1,2026-09-15 19:00:00+00:00,-0.042399111440207325,0.7198323421549226,74
momentum_24h,1,2026-09-15 20:00:00+00:00,0.3270306772139688,0.005048460969086633,72
momentum_24h,1,2026-09-15 21:00:00+00:00,0.24815560026827632,0.036920562195005634,71
momentum_24h,1,2026-09-15 22:00:00+00:00,0.020040462648394854,0.8711402608227639,68
momentum_24h,1,2026-09-15 23:00:00+00:00,0.27133051320935436,0.02635199649298579,67
momentum_24h,1,2026-09-16 00:00:00+00:00,0.2039093898428937,0.09284800037696797,69
momentum_24h,1,2026-09-16 01:00:00+00:00,0.08265087004813032,0.4838745667858326,74
momentum_24h,1,2026-09-16 02:00:00+00:00,-0.07587934453606096,0.5448186006934281,66
momentum_24h,1,2026-09-16 03:00:00+00:00,-0.3524716073631991,0.00495931282010267,62
momentum_24h,1,2026-09-16 04:00:00+00:00,-0.07644125623305048,0.5293758199888554,70
momentum_24h,1,2026-09-16 05:00:00+00:00,-0.05243834304413761,0.6734346160209222,67
momentum_24h,1,2026-09-16 06:00:00+00:00,-0.14056054997355893,0.27992997911958084,61
momentum_7d,1,2026-09-15 13:00:00+00:00,0.19999999999999998,0.7470600781046621,5
reversal_1h,1,2026-09-08 16:00:00+00:00,0.6,0.28475697986529386,5
reversal_1h,1,2026-09-09 16:00:00+00:00,-0.14285714285714288,0.7599453002180928,7
reversal_1h,1,2026-09-09 17:00:00+00:00,-0.5,0.25316999510032256,7
reversal_1h,1,2026-09-09 18:00:00+00:00,-0.08571428571428573,0.8717434402332361,6
reversal_1h,1,2026-09-09 19:00:00+00:00,-0.7,0.1881204043741873,5
reversal_1h,1,2026-09-10 13:00:00+00:00,0.7857142857142859,0.03623846267982714,7
reversal_1h,1,2026-09-10 15:00:00+00:00,0.09999999999999999,0.8728885715695384,5
reversal_1h,1,2026-09-11 03:00:00+00:00,0.7,0.1881204043741873,5
reversal_1h,1,2026-09-11 06:00:00+00:00,-0.09999999999999999,0.8728885715695384,5
reversal_1h,1,2026-09-11 08:00:00+00:00,0.8999999999999998,0.03738607346849874,5
reversal_1h,1,2026-09-11 09:00:00+00:00,-0.3,0.623837664781073,5
reversal_1h,1,2026-09-11 10:00:00+00:00,0.5,0.1704706607870538,9
reversal_1h,1,2026-09-11 11:00:00+00:00,-0.05454545454545454,0.8810361811618524,10
reversal_1h,1,2026-09-11 12:00:00+00:00,-0.4265734265734266,0.16669998762494498,12
reversal_1h,1,2026-09-11 13:00:00+00:00,-0.38235294117647056,0.14385924954389048,16
reversal_1h,1,2026-09-11 14:00:00+00:00,0.15357142857142855,0.5847640949410158,15
reversal_1h,1,2026-09-11 15:00:00+00:00,0.5539215686274511,0.021049824867067704,17
reversal_1h,1,2026-09-11 16:00:00+00:00,-0.39010989010989006,0.18757411613383781,13
reversal_1h,1,2026-09-11 17:00:00+00:00,-0.48901098901098894,0.08991308230865636,13
reversal_1h,1,2026-09-11 18:00:00+00:00,-0.24835164835164836,0.3919195389384575,14
reversal_1h,1,2026-09-11 19:00:00+00:00,0.3356643356643357,0.28612290291498743,12
reversal_1h,1,2026-09-11 20:00:00+00:00,-0.25274725274725274,0.40477407127094645,13
reversal_1h,1,2026-09-11 21:00:00+00:00,0.125,0.6571356681869506,15
reversal_1h,1,2026-09-11 22:00:00+00:00,0.2867132867132868,0.36625146058358227,12
reversal_1h,1,2026-09-11 23:00:00+00:00,0.3333333333333334,0.41975308641975323,8
reversal_1h,1,2026-09-12 00:00:00+00:00,0.009090909090909092,0.9788365001441937,11
reversal_1h,1,2026-09-12 01:00:00+00:00,-0.24285714285714283,0.3831283418393415,15
reversal_1h,1,2026-09-12 02:00:00+00:00,-0.6147058823529412,0.011279474063305015,16
reversal_1h,1,2026-09-12 03:00:00+00:00,0.05714285714285714,0.8108800461568324,20
reversal_1h,1,2026-09-12 04:00:00+00:00,0.17032967032967034,0.5779754288392673,13
reversal_1h,1,2026-09-12 05:00:00+00:00,0.3142857142857143,0.27380490296286775,14
reversal_1h,1,2026-09-12 06:00:00+00:00,0.6071428571428571,0.01638130676830708,15
reversal_1h,1,2026-09-12 07:00:00+00:00,0.12648221343873517,0.5652386723187266,23
reversal_1h,1,2026-09-12 08:00:00+00:00,-0.31487179487179484,0.11717753881015366,26
reversal_1h,1,2026-09-12 09:00:00+00:00,0.2823296106878197,0.0216316684545252,66
reversal_1h,1,2026-09-12 10:00:00+00:00,0.20714285714285713,0.10051778317705758,64
reversal_1h,1,2026-09-12 11:00:00+00:00,0.13015342866089138,0.29759381755973363,66
reversal_1h,1,2026-09-12 12:00:00+00:00,0.044886363636363634,0.7225575898141546,65
reversal_1h,1,2026-09-12 13:00:00+00:00,-0.2138056835637481,0.09245939379414526,63
reversal_1h,1,2026-09-12 14:00:00+00:00,0.0794697839473959,0.5258952354305599,66
reversal_1h,1,2026-09-12 15:00:00+00:00,0.1739151305683564,0.1728258098776391,63
reversal_1h,1,2026-09-12 16:00:00+00:00,-0.09896670493685421,0.42918267915191644,66
reversal_1h,1,2026-09-12 17:00:00+00:00,-0.005746667730864395,0.9631877845175686,67
reversal_1h,1,2026-09-12 18:00:00+00:00,0.27038900067069077,0.022574670659958232,71
reversal_1h,1,2026-09-12 19:00:00+00:00,0.0756555944055944,0.5491867266376742,65
reversal_1h,1,2026-09-12 20:00:00+00:00,0.05129202556265631,0.6971245441215018,60
reversal_1h,1,2026-09-12 21:00:00+00:00,-0.03480684469795178,0.7971464613663084,57
reversal_1h,1,2026-09-12 22:00:00+00:00,0.01536796536796537,0.9113304035624271,55
reversal_1h,1,2026-09-12 23:00:00+00:00,0.05956702100077781,0.6598292282233702,57
reversal_1h,1,2026-09-13 00:00:00+00:00,-0.13106040964480167,0.331168619760257,57
reversal_1h,1,2026-09-13 01:00:00+00:00,0.007335370936371215,0.9556405443944408,60
reversal_1h,1,2026-09-13 02:00:00+00:00,0.026516582307169297,0.8379013895501773,62
reversal_1h,1,2026-09-13 03:00:00+00:00,0.25520888418826015,0.04714300074431341,61
reversal_1h,1,2026-09-13 04:00:00+00:00,0.15114468864468864,0.2331869473412791,64
reversal_1h,1,2026-09-13 05:00:00+00:00,0.1982669771347864,0.10506607932659132,68
reversal_1h,1,2026-09-13 06:00:00+00:00,-0.04469977478337214,0.7173886944417925,68
reversal_1h,1,2026-09-13 07:00:00+00:00,0.03843933164202607,0.7520536931183471,70
reversal_1h,1,2026-09-13 08:00:00+00:00,-0.174674754569399,0.15743161686917587,67
reversal_1h,1,2026-09-13 09:00:00+00:00,0.27781807077146237,0.02180025114839367,68
reversal_1h,1,2026-09-13 10:00:00+00:00,0.15329670329670328,0.22652215819043858,64
reversal_1h,1,2026-09-13 11:00:00+00:00,-0.07466861496712245,0.551273335003313,66
reversal_1h,1,2026-09-13 12:00:00+00:00,0.08424628774287131,0.4945761229593504,68
reversal_1h,1,2026-09-13 13:00:00+00:00,0.0070652844625447376,0.9526935373208274,73
reversal_1h,1,2026-09-13 14:00:00+00:00,-0.0453726927776706,0.7050911237678075,72
reversal_1h,1,2026-09-13 15:00:00+00:00,0.05001826817683596,0.6831648877793776,69
reversal_1h,1,2026-09-13 16:00:00+00:00,-0.06580197296309828,0.5911367974028747,69
reversal_1h,1,2026-09-13 17:00:00+00:00,-0.03511852502194908,0.7761701886475563,68
reversal_1h,1,2026-09-13 18:00:00+00:00,0.1239073176317899,0.3140748441662518,68
reversal_1h,1,2026-09-13 19:00:00+00:00,0.10911172161172158,0.39075098646406614,64
reversal_1h,1,2026-09-13 20:00:00+00:00,0.2840270957669159,0.025272532356134796,62
reversal_1h,1,2026-09-13 21:00:00+00:00,-0.05885176651305684,0.6468340501332419,63
reversal_1h,1,2026-09-13 22:00:00+00:00,-0.2197344322344322,0.08105090300896098,64
reversal_1h,1,2026-09-13 23:00:00+00:00,0.1417530721966206,0.26777255142308626,63
reversal_1h,1,2026-09-14 00:00:00+00:00,0.039611190853919565,0.7598548785737043,62
reversal_1h,1,2026-09-14 01:00:00+00:00,-0.03517916949963486,0.7860466278268349,62
reversal_1h,1,2026-09-14 02:00:00+00:00,-0.009443227317367985,0.9419299229182555,62
reversal_1h,1,2026-09-14 03:00:00+00:00,0.186756993006993,0.136327306637459,65
reversal_1h,1,2026-09-14 04:00:00+00:00,0.06776279032644267,0.5858559479578969,67
reversal_1h,1,2026-09-14 05:00:00+00:00,0.068082049644824,0.584087425555074,67
reversal_1h,1,2026-09-14 06:00:00+00:00,0.03737668980635733,0.7604357229161516,69
reversal_1h,1,2026-09-14 07:00:00+00:00,0.18568920105355577,0.1324666200149223,67
reversal_1h,1,2026-09-14 08:00:00+00:00,0.1668529012690558,0.17716689275631683,67
reversal_1h,1,2026-09-14 09:00:00+00:00,0.09386570981410085,0.4464365675477364,68
reversal_1h,1,2026-09-14 10:00:00+00:00,-0.3316770186335404,0.005368268187301037,69
reversal_1h,1,2026-09-14 11:00:00+00:00,0.06570899666790077,0.578054565283016,74
reversal_1h,1,2026-09-14 12:00:00+00:00,-0.12584845119091695,0.2887281095199604,73
reversal_1h,1,2026-09-14 13:00:00+00:00,0.034793234291594324,0.7717005107848269,72
reversal_1h,1,2026-09-14 14:00:00+00:00,0.04592774035517452,0.7057726960079178,70
reversal_1h,1,2026-09-14 15:00:00+00:00,0.017979157918845665,0.8842980027841987,68
reversal_1h,1,2026-09-14 16:00:00+00:00,0.00917062477164779,0.9403843341039417,69
reversal_1h,1,2026-09-14 17:00:00+00:00,0.3047019622362089,0.008765011273058643,73
reversal_1h,1,2026-09-14 18:00:00+00:00,0.009892689470154259,0.9347424008571643,71
reversal_1h,1,2026-09-14 19:00:00+00:00,-0.059255533199195166,0.6235218033882203,71
reversal_1h,1,2026-09-14 20:00:00+00:00,0.12217756667884547,0.31726441306745623,69
reversal_1h,1,2026-09-14 21:00:00+00:00,0.11948356807511736,0.32096485688007365,71
reversal_1h,1,2026-09-14 22:00:00+00:00,0.032945499081445194,0.7865816330637344,70
reversal_1h,1,2026-09-14 23:00:00+00:00,-0.09354299311852854,0.4344714716081978,72
reversal_1h,1,2026-09-15 00:00:00+00:00,-0.11444318082407488,0.34549467523666744,70
reversal_1h,1,2026-09-15 01:00:00+00:00,-0.07395887694395158,0.5550741323642754,66
reversal_1h,1,2026-09-15 02:00:00+00:00,-0.02610985990762301,0.8326128794061737,68
reversal_1h,1,2026-09-15 03:00:00+00:00,0.02523189678207428,0.8381640058386115,68
reversal_1h,1,2026-09-15 04:00:00+00:00,0.06990803267091132,0.5595417685989199,72
reversal_1h,1,2026-09-15 05:00:00+00:00,0.04168797953964194,0.733775184795213,69
reversal_1h,1,2026-09-15 06:00:00+00:00,0.06525821596244132,0.5887198212111763,71
reversal_1h,1,2026-09-15 07:00:00+00:00,0.04143222506393863,0.7353483699358389,69
reversal_1h,1,2026-09-15 08:00:00+00:00,-0.2128106271710501,0.081444552935605,68
reversal_1h,1,2026-09-15 09:00:00+00:00,0.06496927129060578,0.598628187960595,68
reversal_1h,1,2026-09-15 10:00:00+00:00,-0.22414486921529175,0.062128860535033734,70
reversal_1h,1,2026-09-15 11:00:00+00:00,0.0792655476236414,0.5080598408507057,72
reversal_1h,1,2026-09-15 12:00:00+00:00,-0.15746993375779794,0.18648449767139935,72
reversal_1h,1,2026-09-15 13:00:00+00:00,-0.19866287339971547,0.08751576954638607,75
reversal_1h,1,2026-09-15 14:00:00+00:00,0.1776072029236586,0.11979004171139337,78
reversal_1h,1,2026-09-15 15:00:00+00:00,-0.024269717624148004,0.8318676100837963,79
reversal_1h,1,2026-09-15 16:00:00+00:00,-0.02629016553067186,0.8192737098693941,78
reversal_1h,1,2026-09-15 17:00:00+00:00,-0.021659634317862168,0.8487582998942161,80
reversal_1h,1,2026-09-15 18:00:00+00:00,0.21946702800361337,0.04900198769710312,81
reversal_1h,1,2026-09-15 19:00:00+00:00,-0.040846312077578606,0.7155945385334335,82
reversal_1h,1,2026-09-15 20:00:00+00:00,0.025058602906704173,0.8253742391499673,80
reversal_1h,1,2026-09-15 21:00:00+00:00,-0.1318807774503977,0.24974453998487003,78
reversal_1h,1,2026-09-15 22:00:00+00:00,0.11562122088437876,0.316662195876971,77
reversal_1h,1,2026-09-15 23:00:00+00:00,0.10033320992225103,0.39834230862006614,73
reversal_1h,1,2026-09-16 00:00:00+00:00,-0.2178918258408901,0.06596298527864886,72
reversal_1h,1,2026-09-16 01:00:00+00:00,0.15644381223328593,0.18012933970823009,75
reversal_1h,1,2026-09-16 02:00:00+00:00,-0.06676727028839705,0.5801107529655263,71
reversal_1h,1,2026-09-16 03:00:00+00:00,-0.08337595907928388,0.4958034329230125,69
reversal_1h,1,2026-09-16 04:00:00+00:00,0.06943543153796235,0.5736776693875721,68
reversal_1h,1,2026-09-16 05:00:00+00:00,-0.22152550003215646,0.06146764548239019,72
reversal_1h,1,2026-09-16 06:00:00+00:00,0.11787913578958358,0.34586045549364514,66
realized_vol_24h,1,2026-09-07 14:00:00+00:00,0.2,0.7040000000000001,6
realized_vol_24h,1,2026-09-08 01:00:00+00:00,0.49999999999999994,0.3910022189557703,5
realized_vol_24h,1,2026-09-08 15:00:00+00:00,0.42857142857142866,0.3373683110858241,7
realized_vol_24h,1,2026-09-08 16:00:00+00:00,-0.4285714285714286,0.3965014577259473,6
realized_vol_24h,1,2026-09-09 08:00:00+00:00,-0.7,0.1881204043741873,5
realized_vol_24h,1,2026-09-09 15:00:00+00:00,0.42857142857142866,0.3373683110858241,7
realized_vol_24h,1,2026-09-09 16:00:00+00:00,0.7857142857142859,0.03623846267982714,7
realized_vol_24h,1,2026-09-09 17:00:00+00:00,-0.10714285714285716,0.8191508555699912,7
realized_vol_24h,1,2026-09-09 18:00:00+00:00,0.642857142857143,0.11939237342741099,7
realized_vol_24h,1,2026-09-09 19:00:00+00:00,0.09523809523809526,0.8225054302036114,8
realized_vol_24h,1,2026-09-09 21:00:00+00:00,-0.7857142857142859,0.03623846267982714,7
realized_vol_24h,1,2026-09-10 04:00:00+00:00,0.19999999999999998,0.7470600781046621,5
realized_vol_24h,1,2026-09-10 06:00:00+00:00,-0.8999999999999998,0.03738607346849874,5
realized_vol_24h,1,2026-09-10 10:00:00+00:00,0.6,0.28475697986529386,5
realized_vol_24h,1,2026-09-10 11:00:00+00:00,0.7714285714285715,0.07239650145772594,6
realized_vol_24h,1,2026-09-10 12:00:00+00:00,-0.48333333333333334,0.18746985521554216,9
realized_vol_24h,1,2026-09-10 13:00:00+00:00,0.6904761904761906,0.05799031816457273,8
realized_vol_24h,1,2026-09-10 14:00:00+00:00,-0.10714285714285716,0.8191508555699912,7
realized_vol_24h,1,2026-09-10 15:00:00+00:00,-0.6785714285714287,0.0937502539598313,7
realized_vol_24h,1,2026-09-10 16:00:00+00:00,-0.39999999999999997,0.5046315754686912,5
realized_vol_24h,1,2026-09-10 17:00:00+00:00,0.5000000000000001,0.20703124999999997,8
realized_vol_24h,1,2026-09-10 18:00:00+00:00,0.1666666666666667,0.6932388117283949,8
realized_vol_24h,1,2026-09-10 21:00:00+00:00,-0.6,0.208,6
realized_vol_24h,1,2026-09-11 02:00:00+00:00,-0.3,0.623837664781073,5
realized_vol_24h,1,2026-09-11 03:00:00+00:00,0.3571428571428572,0.43161135203832796,7
realized_vol_24h,1,2026-09-11 04:00:00+00:00,0.7,0.1881204043741873,5
realized_vol_24h,1,2026-09-11 05:00:00+00:00,0.0,1.0,5
realized_vol_24h,1,2026-09-11 06:00:00+00:00,0.25,0.5887244480896834,7
realized_vol_24h,1,2026-09-11 07:00:00+00:00,0.5357142857142858,0.21521745567801284,7
realized_vol_24h,1,2026-09-11 08:00:00+00:00,0.6428571428571429,0.08555889101267328,8
realized_vol_24h,1,2026-09-11 09:00:00+00:00,0.4761904761904762,0.23293553465009806,8
realized_vol_24h,1,2026-09-11 10:00:00+00:00,0.10909090909090911,0.7495085962341483,11
realized_vol_24h,1,2026-09-11 11:00:00+00:00,0.07272727272727274,0.831716405381337,11
realized_vol_24h,1,2026-09-11 12:00:00+00:00,0.2607142857142857,0.3479794598627935,15
realized_vol_24h,1,2026-09-11 13:00:00+00:00,0.5678571428571427,0.02722835670886185,15
realized_vol_24h,1,2026-09-11 14:00:00+00:00,-0.39999999999999997,0.12475042359840005,16
realized_vol_24h,1,2026-09-11 15:00:00+00:00,-0.10629514963880288,0.6746395315456968,18
realized_vol_24h,1,2026-09-11 16:00:00+00:00,0.3626373626373627,0.20256454381724168,14
realized_vol_24h,1,2026-09-11 17:00:00+00:00,-0.3681318681318681,0.21585718064938142,13
realized_vol_24h,1,2026-09-11 18:00:00+00:00,-0.034055727554179564,0.8932828188388959,18
realized_vol_24h,1,2026-09-11 19:00:00+00:00,-0.0945054945054945,0.7479382611415479,14
realized_vol_24h,1,2026-09-11 20:00:00+00:00,-0.29656862745098045,0.24772866621670073,17
realized_vol_24h,1,2026-09-11 21:00:00+00:00,0.008823529411764706,0.9741279946623942,16
realized_vol_24h,1,2026-09-11 22:00:00+00:00,-0.2879120879120879,0.31819287102579996,14
realized_vol_24h,1,2026-09-11 23:00:00+00:00,0.2606060606060606,0.46708905438634013,10
realized_vol_24h,1,2026-09-12 00:00:00+00:00,-0.19780219780219782,0.51713091148483,13
realized_vol_24h,1,2026-09-12 01:00:00+00:00,-0.20098039215686278,0.4392338761888678,17
realized_vol_24h,1,2026-09-12 02:00:00+00:00,0.042105263157894736,0.8641075176406321,19
realized_vol_24h,1,2026-09-12 03:00:00+00:00,0.23157894736842102,0.34010651008866144,19
realized_vol_24h,1,2026-09-12 04:00:00+00:00,0.11176470588235293,0.6802736949858407,16
realized_vol_24h,1,2026-09-12 05:00:00+00:00,-0.25357142857142856,0.3618161038158894,15
realized_vol_24h,1,2026-09-12 06:00:00+00:00,0.2526315789473684,0.28255005726391963,20
realized_vol_24h,1,2026-09-12 07:00:00+00:00,0.044466403162055336,0.8403387863596061,23
realized_vol_24h,1,2026-09-12 08:00:00+00:00,0.22598290598290596,0.26697458497857074,26
realized_vol_24h,1,2026-09-12 09:00:00+00:00,-0.04957264957264957,0.8099520587665145,26
realized_vol_24h,1,2026-09-12 10:00:00+00:00,0.25035429971131135,0.03658966731159574,70
realized_vol_24h,1,2026-09-12 11:00:00+00:00,0.11094392441606159,0.3605397705425417,70
realized_vol_24h,1,2026-09-12 12:00:00+00:00,-0.12067633858678635,0.3344543217822383,66
realized_vol_24h,1,2026-09-12 13:00:00+00:00,0.16402764412562332,0.17482771128508107,70
realized_vol_24h,1,2026-09-12 14:00:00+00:00,0.13291925465838508,0.27267009935340736,70
realized_vol_24h,1,2026-09-12 15:00:00+00:00,0.19718670076726344,0.10437133182923443,69
realized_vol_24h,1,2026-09-12 16:00:00+00:00,-0.19536588158949497,0.11035783445342973,68
realized_vol_24h,1,2026-09-12 17:00:00+00:00,-0.0720625120586533,0.5474724174772778,72
realized_vol_24h,1,2026-09-12 18:00:00+00:00,-0.0466911055373336,0.6969315737338808,72
realized_vol_24h,1,2026-09-12 19:00:00+00:00,0.05166083916083916,0.682763805001152,65
realized_vol_24h,1,2026-09-12 20:00:00+00:00,0.12628205128205128,0.32006085370305054,64
realized_vol_24h,1,2026-09-12 21:00:00+00:00,0.08105447722169247,0.5452777695536554,58
realized_vol_24h,1,2026-09-12 22:00:00+00:00,0.20473407364114554,0.1198336733552791,59
realized_vol_24h,1,2026-09-12 23:00:00+00:00,0.06222457253657676,0.6309062464216701,62
realized_vol_24h,1,2026-09-13 00:00:00+00:00,-0.12322388632872502,0.33597578656669325,63
realized_vol_24h,1,2026-09-13 01:00:00+00:00,0.11940559440559441,0.3434376416300067,65
realized_vol_24h,1,2026-09-13 02:00:00+00:00,0.06552797509777318,0.5983029897715431,67
realized_vol_24h,1,2026-09-13 03:00:00+00:00,0.21294596536036398,0.08360521333911938,67
realized_vol_24h,1,2026-09-13 04:00:00+00:00,-0.01702485017368401,0.890400347515668,68
realized_vol_24h,1,2026-09-13 05:00:00+00:00,-0.06706324905957485,0.5812154690148595,70
realized_vol_24h,1,2026-09-13 06:00:00+00:00,-0.08241392077008514,0.48513308976200914,74
realized_vol_24h,1,2026-09-13 07:00:00+00:00,-0.36301140174379604,0.001862218477989426,71
realized_vol_24h,1,2026-09-13 08:00:00+00:00,-0.16705254357193391,0.16074895705797557,72
realized_vol_24h,1,2026-09-13 09:00:00+00:00,-0.09342723004694833,0.43836584833585107,71
realized_vol_24h,1,2026-09-13 10:00:00+00:00,0.07973501476574349,0.5212633031836043,67
realized_vol_24h,1,2026-09-13 11:00:00+00:00,-0.0497385196778257,0.6870956399211317,68
realized_vol_24h,1,2026-09-13 12:00:00+00:00,0.03028550396971449,0.7937320782355458,77
realized_vol_24h,1,2026-09-13 13:00:00+00:00,0.09624941397093296,0.3957109529106601,80
realized_vol_24h,1,2026-09-13 14:00:00+00:00,-0.37433543132173264,0.0010174104999694197,74
realized_vol_24h,1,2026-09-13 15:00:00+00:00,0.2150905432595573,0.07164564984306408,71
realized_vol_24h,1,2026-09-13 16:00:00+00:00,0.07765772718502799,0.5167292564957886,72
realized_vol_24h,1,2026-09-13 17:00:00+00:00,-0.042253521126760556,0.7283598279039044,70
realized_vol_24h,1,2026-09-13 18:00:00+00:00,0.16452045606975182,0.17036551353884946,71
realized_vol_24h,1,2026-09-13 19:00:00+00:00,0.15353303413004907,0.21840173046680894,66
realized_vol_24h,1,2026-09-13 20:00:00+00:00,-0.12217931322408936,0.32842460400515455,66
realized_vol_24h,1,2026-09-13 21:00:00+00:00,-0.5382712107909651,2.62589263773609e-06,67
realized_vol_24h,1,2026-09-13 22:00:00+00:00,-0.20013742031530324,0.10176004492625619,68
realized_vol_24h,1,2026-09-13 23:00:00+00:00,0.23146853146853147,0.06356311770905865,65
realized_vol_24h,1,2026-09-14 00:00:00+00:00,-0.04469630457338974,0.719483192390648,67
realized_vol_24h,1,2026-09-14 01:00:00+00:00,0.41004868704605324,0.0005687293595444587,67
realized_vol_24h,1,2026-09-14 02:00:00+00:00,0.07143427248782824,0.5656662723445516,67
realized_vol_24h,1,2026-09-14 03:00:00+00:00,0.08008768724881259,0.5130107993812547,69
realized_vol_24h,1,2026-09-14 04:00:00+00:00,-0.015358819584171696,0.8988406335674162,71
realized_vol_24h,1,2026-09-14 05:00:00+00:00,0.08804424721847066,0.46207451467571903,72
realized_vol_24h,1,2026-09-14 06:00:00+00:00,-0.10704868480288124,0.3707782808101942,72
realized_vol_24h,1,2026-09-14 07:00:00+00:00,-0.15781192151055165,0.18238538597468218,73
realized_vol_24h,1,2026-09-14 08:00:00+00:00,-0.0699305809280234,0.5680168474312876,69
realized_vol_24h,1,2026-09-14 09:00:00+00:00,-0.08685446009389673,0.4681706001299979,72
realized_vol_24h,1,2026-09-14 10:00:00+00:00,-0.1915452968084547,0.09515659380471755,77
realized_vol_24h,1,2026-09-14 11:00:00+00:00,0.09950388744909291,0.3989553789808253,74
realized_vol_24h,1,2026-09-14 12:00:00+00:00,-0.04578965338459009,0.6905689661531115,78
realized_vol_24h,1,2026-09-14 13:00:00+00:00,0.2185412810070344,0.06139526616590528,74
realized_vol_24h,1,2026-09-14 14:00:00+00:00,0.02129443326626425,0.8600856385797805,71
realized_vol_24h,1,2026-09-14 15:00:00+00:00,-0.09131455399061032,0.4488359896726202,71
realized_vol_24h,1,2026-09-14 16:00:00+00:00,-0.05050212944949787,0.6627028681590077,77
realized_vol_24h,1,2026-09-14 17:00:00+00:00,-0.07619958988380042,0.5129602021896384,76
realized_vol_24h,1,2026-09-14 18:00:00+00:00,-0.2553990610328638,0.031585258048127986,71
realized_vol_24h,1,2026-09-14 19:00:00+00:00,0.1325222146274778,0.2537881442876196,76
realized_vol_24h,1,2026-09-14 20:00:00+00:00,-0.2310995927434283,0.04758518496232505,74
realized_vol_24h,1,2026-09-14 21:00:00+00:00,-0.02389221171779536,0.8420965731434478,72
realized_vol_24h,1,2026-09-14 22:00:00+00:00,0.004096728307254623,0.9721730795797734,75
realized_vol_24h,1,2026-09-14 23:00:00+00:00,-0.1657963089542037,0.15232953936447466,76
realized_vol_24h,1,2026-09-15 00:00:00+00:00,-0.15338022954461308,0.19199532051339518,74
realized_vol_24h,1,2026-09-15 01:00:00+00:00,-0.1536435469710272,0.21095981721209628,68
realized_vol_24h,1,2026-09-15 02:00:00+00:00,-0.24020791415157608,0.04361749761546689,71
realized_vol_24h,1,2026-09-15 03:00:00+00:00,0.02064264849074976,0.8567046162478292,79
realized_vol_24h,1,2026-09-15 04:00:00+00:00,0.09908407382091593,0.3944487318489688,76
realized_vol_24h,1,2026-09-15 05:00:00+00:00,-0.06266575529733424,0.5907273363388126,76
realized_vol_24h,1,2026-09-15 06:00:00+00:00,0.15515734912995183,0.18683479871582778,74
realized_vol_24h,1,2026-09-15 07:00:00+00:00,0.11198906356801094,0.3354713823522395,76
realized_vol_24h,1,2026-09-15 08:00:00+00:00,-0.12625754527162977,0.29409205154215845,71
realized_vol_24h,1,2026-09-15 09:00:00+00:00,0.1849932123904727,0.11714755031115844,73
realized_vol_24h,1,2026-09-15 10:00:00+00:00,0.07047382996750085,0.5397955205033508,78
realized_vol_24h,1,2026-09-15 11:00:00+00:00,0.04948735475051265,0.6711786057747683,76
realized_vol_24h,1,2026-09-15 12:00:00+00:00,-0.2502434274586173,0.027126414745046026,78
realized_vol_24h,1,2026-09-15 13:00:00+00:00,-0.3635921838614964,0.0006748746621370623,84
realized_vol_24h,1,2026-09-15 14:00:00+00:00,0.21964769647696475,0.048811364483093554,81
realized_vol_24h,1,2026-09-15 15:00:00+00:00,-0.31018848914823055,0.004319347009248134,83
realized_vol_24h,1,2026-09-15 16:00:00+00:00,-0.004701733764325595,0.966350870863339,83
realized_vol_24h,1,2026-09-15 17:00:00+00:00,-0.32058317302824746,0.0029484639719628085,84
realized_vol_24h,1,2026-09-15 18:00:00+00:00,0.1493975903614458,0.17498447240253132,84
realized_vol_24h,1,2026-09-15 19:00:00+00:00,0.04591018444266238,0.6728419764222608,87
realized_vol_24h,1,2026-09-15 20:00:00+00:00,-0.09495978493921485,0.39609484648356685,82
realized_vol_24h,1,2026-09-15 21:00:00+00:00,0.0035371839662171724,0.9748397510836495,82
realized_vol_24h,1,2026-09-15 22:00:00+00:00,0.08709834469328141,0.4453084338303146,79
realized_vol_24h,1,2026-09-15 23:00:00+00:00,-0.23395762132604236,0.04193981918423637,76
realized_vol_24h,1,2026-09-16 00:00:00+00:00,-0.258898995741101,0.022990951057428564,77
realized_vol_24h,1,2026-09-16 01:00:00+00:00,0.11334536753284916,0.3076064101667282,83
realized_vol_24h,1,2026-09-16 02:00:00+00:00,0.18463726884779516,0.1127809560223251,75
realized_vol_24h,1,2026-09-16 03:00:00+00:00,0.13598256203890002,0.25816749612633766,71
realized_vol_24h,1,2026-09-16 04:00:00+00:00,0.06277511961722489,0.5900781955784271,76
realized_vol_24h,1,2026-09-16 05:00:00+00:00,0.15563124768604217,0.1854757595028779,74
realized_vol_24h,1,2026-09-16 06:00:00+00:00,0.15067592254293025,0.21652829700156234,69
volume_momentum,1,2026-09-08 15:00:00+00:00,0.3,0.623837664781073,5
volume_momentum,1,2026-09-09 16:00:00+00:00,-0.4285714285714286,0.3965014577259473,6
volume_momentum,1,2026-09-10 12:00:00+00:00,0.49999999999999994,0.3910022189557703,5
volume_momentum,1,2026-09-11 12:00:00+00:00,0.28181818181818186,0.4011448979604784,11
volume_momentum,1,2026-09-11 13:00:00+00:00,0.3714285714285715,0.4684781341107872,6
volume_momentum,1,2026-09-11 14:00:00+00:00,0.09999999999999999,0.8728885715695384,5
volume_momentum,1,2026-09-11 15:00:00+00:00,0.7999999999999999,0.10408803866182788,5
volume_momentum,1,2026-09-11 17:00:00+00:00,-0.8999999999999998,0.03738607346849874,5
volume_momentum,1,2026-09-11 18:00:00+00:00,0.942857142857143,0.004804664723032055,6
volume_momentum,1,2026-09-12 03:00:00+00:00,0.19999999999999998,0.7470600781046621,5
volume_momentum,1,2026-09-12 09:00:00+00:00,-0.14285714285714288,0.7599453002180928,7
volume_momentum,1,2026-09-12 10:00:00+00:00,0.5428571428571429,0.26570262390670546,6
volume_momentum,1,2026-09-12 11:00:00+00:00,-0.21428571428571433,0.6445115810207203,7
volume_momentum,1,2026-09-12 12:00:00+00:00,0.2571428571428572,0.6227871720116619,6
volume_momentum,1,2026-09-12 13:00:00+00:00,0.01818181818181818,0.9602404181286242,10
volume_momentum,1,2026-09-12 14:00:00+00:00,0.2333333333333333,0.5456987782182728,9
volume_momentum,1,2026-09-12 15:00:00+00:00,0.2027972027972028,0.5273023541661079,12
volume_momentum,1,2026-09-12 16:00:00+00:00,0.2727272727272727,0.4458383415427514,10
volume_momentum,1,2026-09-12 17:00:00+00:00,0.14545454545454548,0.6695786456420787,11
volume_momentum,1,2026-09-12 18:00:00+00:00,0.034965034965034975,0.9140933424107599,12
volume_momentum,1,2026-09-12 19:00:00+00:00,0.45,0.22421610749233675,9
volume_momentum,1,2026-09-12 20:00:00+00:00,-0.42857142857142866,0.3373683110858241,7
volume_momentum,1,2026-09-12 21:00:00+00:00,-0.3,0.623837664781073,5
volume_momentum,1,2026-09-12 23:00:00+00:00,0.2142857142857143,0.6103444156452668,8
volume_momentum,1,2026-09-13 00:00:00+00:00,0.14685314685314685,0.6487957097846665,12
volume_momentum,1,2026-09-13 01:00:00+00:00,-0.35757575757575755,0.3103760917056803,10
volume_momentum,1,2026-09-13 02:00:00+00:00,0.21362229102167182,0.39468845725555035,18
volume_momentum,1,2026-09-13 03:00:00+00:00,0.1264705882352941,0.6406944408168839,16
volume_momentum,1,2026-09-13 04:00:00+00:00,-0.03508771929824562,0.8866031221985001,19
volume_momentum,1,2026-09-13 05:00:00+00:00,0.04656862745098039,0.8591333762840924,17
volume_momentum,1,2026-09-13 06:00:00+00:00,-0.32411067193675897,0.13135827798285057,23
volume_momentum,1,2026-09-13 07:00:00+00:00,0.47846153846153844,0.015545373390900934,25
volume_momentum,1,2026-09-13 08:00:00+00:00,-0.1458616010854817,0.23888766492596583,67
volume_momentum,1,2026-09-13 09:00:00+00:00,0.0005344123372905293,0.9965490220062122,68
volume_momentum,1,2026-09-13 10:00:00+00:00,0.14698540706605223,0.25032728030065504,63
volume_momentum,1,2026-09-13 11:00:00+00:00,-0.07939349652904641,0.5166819361206269,69
volume_momentum,1,2026-09-13 12:00:00+00:00,-0.017263333681244133,0.8905735253955905,66
volume_momentum,1,2026-09-13 13:00:00+00:00,-0.02535622944830106,0.8361582422173917,69
volume_momentum,1,2026-09-13 14:00:00+00:00,0.05667466861496714,0.651273620368887,66
volume_momentum,1,2026-09-13 15:00:00+00:00,0.10472027972027972,0.40643355153734323,65
volume_momentum,1,2026-09-13 16:00:00+00:00,0.021611721611721608,0.8653987110459099,64
volume_momentum,1,2026-09-13 17:00:00+00:00,-0.11938211042688658,0.33970203368253254,66
volume_momentum,1,2026-09-13 18:00:00+00:00,0.08101450788017954,0.5178559734832652,66
volume_momentum,1,2026-09-13 19:00:00+00:00,0.2205741167434716,0.08235890852105403,63
volume_momentum,1,2026-09-13 20:00:00+00:00,-0.20022228396776884,0.12506204397908016,60
volume_momentum,1,2026-09-13 21:00:00+00:00,-0.01244490536686544,0.926794248959221,57
volume_momentum,1,2026-09-13 22:00:00+00:00,0.10381740441108618,0.4380221848987709,58
volume_momentum,1,2026-09-13 23:00:00+00:00,0.22783251231527094,0.08829023536704705,57
volume_momentum,1,2026-09-14 00:00:00+00:00,0.043775569842197555,0.7419969376323636,59
volume_momentum,1,2026-09-14 01:00:00+00:00,-0.060374050263004096,0.6496601585579831,59
volume_momentum,1,2026-09-14 02:00:00+00:00,0.09719366490691861,0.46004456030885726,60
volume_momentum,1,2026-09-14 03:00:00+00:00,-0.18463625926312496,0.13777571000356473,66
volume_momentum,1,2026-09-14 04:00:00+00:00,-0.04986888111888112,0.6932117756965276,65
volume_momentum,1,2026-09-14 05:00:00+00:00,-0.04094662058371736,0.7500077035660004,63
volume_momentum,1,2026-09-14 06:00:00+00:00,-0.11190898653585223,0.37100277873601667,66
volume_momentum,1,2026-09-14 07:00:00+00:00,0.022228430042301864,0.858294594873441,67
volume_momentum,1,2026-09-14 08:00:00+00:00,-0.23990384615384616,0.05424816623497515,65
volume_momentum,1,2026-09-14 09:00:00+00:00,-0.18138832997987925,0.13006016829332062,71
volume_momentum,1,2026-09-14 10:00:00+00:00,0.1204225352112676,0.3171490970037044,71
volume_momentum,1,2026-09-14 11:00:00+00:00,-0.004632867132867133,0.9707825639347615,65
volume_momentum,1,2026-09-14 12:00:00+00:00,-0.03781593671618754,0.7524763044045486,72
volume_momentum,1,2026-09-14 13:00:00+00:00,-0.18450944094779706,0.11554916187307632,74
volume_momentum,1,2026-09-14 14:00:00+00:00,-0.1410303251735477,0.2477334625529598,69
volume_momentum,1,2026-09-14 15:00:00+00:00,-0.01221166892808684,0.9218692782528122,67
volume_momentum,1,2026-09-14 16:00:00+00:00,-0.2249494216895064,0.06513880361547761,68
volume_momentum,1,2026-09-14 17:00:00+00:00,-0.16059837284577028,0.18414245697088336,70
volume_momentum,1,2026-09-14 18:00:00+00:00,-0.04523418712066266,0.7141541451349335,68
volume_momentum,1,2026-09-14 19:00:00+00:00,-0.2631348191450493,0.02892664476873216,69
volume_momentum,1,2026-09-14 20:00:00+00:00,-0.01700055870380717,0.8913891610705064,67
volume_momentum,1,2026-09-14 21:00:00+00:00,0.16909340659340658,0.18163851998851915,64
volume_momentum,1,2026-09-14 22:00:00+00:00,-0.07643405188162224,0.5324804574785252,69
volume_momentum,1,2026-09-14 23:00:00+00:00,-0.07893686646979009,0.5254553987992602,67
volume_momentum,1,2026-09-15 00:00:00+00:00,0.13566849816849816,0.28511106801859554,64
volume_momentum,1,2026-09-15 01:00:00+00:00,-0.16676267281105991,0.19145032072995696,63
volume_momentum,1,2026-09-15 02:00:00+00:00,-0.1394831897749375,0.28782245011867696,60
volume_momentum,1,2026-09-15 03:00:00+00:00,-0.03416149068322982,0.7805027745161537,69
volume_momentum,1,2026-09-15 04:00:00+00:00,0.2266671756307974,0.06306049235427907,68
volume_momentum,1,2026-09-15 05:00:00+00:00,0.1302178944847953,0.29357989991972927,67
volume_momentum,1,2026-09-15 06:00:00+00:00,0.10979020979020979,0.3839627210089361,65
volume_momentum,1,2026-09-15 07:00:00+00:00,-0.02170963364993216,0.8615688979173028,67
volume_momentum,1,2026-09-15 08:00:00+00:00,-0.02289377289377289,0.8574949249231707,64
volume_momentum,1,2026-09-15 09:00:00+00:00,-0.015018315018315015,0.9062379117353929,64
volume_momentum,1,2026-09-15 10:00:00+00:00,0.10197853789403084,0.3974169918384654,71
volume_momentum,1,2026-09-15 11:00:00+00:00,0.09892495564137357,0.42937834975306277,66
volume_momentum,1,2026-09-15 12:00:00+00:00,0.029850746268656716,0.8090547065555455,68
volume_momentum,1,2026-09-15 13:00:00+00:00,0.07166234727878562,0.5440177608638669,74
volume_momentum,1,2026-09-15 14:00:00+00:00,0.05341614906832298,0.6605322826237153,70
volume_momentum,1,2026-09-15 15:00:00+00:00,0.1890823200069985,0.11695830807604195,70
volume_momentum,1,2026-09-15 16:00:00+00:00,0.019296556830803405,0.8703732499967158,74
volume_momentum,1,2026-09-15 17:00:00+00:00,0.14256795835743205,0.21612568205489885,77
volume_momentum,1,2026-09-15 18:00:00+00:00,0.026079229914846347,0.8254349344829601,74
volume_momentum,1,2026-09-15 19:00:00+00:00,0.056053313587560154,0.6352482416670527,74
volume_momentum,1,2026-09-15 20:00:00+00:00,0.0610971766673098,0.6101704141245465,72
volume_momentum,1,2026-09-15 21:00:00+00:00,0.17002012072434605,0.15632803310617985,71
volume_momentum,1,2026-09-15 22:00:00+00:00,0.23766080085505972,0.05099441875087624,68
volume_momentum,1,2026-09-15 23:00:00+00:00,-0.01963444808045335,0.8746888216657336,67
volume_momentum,1,2026-09-16 00:00:00+00:00,-0.041066861527219584,0.7375976593310998,69
volume_momentum,1,2026-09-16 01:00:00+00:00,-0.12906330988522766,0.2731075704332979,74
volume_momentum,1,2026-09-16 02:00:00+00:00,-0.2158647322826428,0.0817231806908104,66
volume_momentum,1,2026-09-16 03:00:00+00:00,0.04323739014378887,0.7386217032851071,62
volume_momentum,1,2026-09-16 04:00:00+00:00,-0.11437319569591461,0.34579168719215664,70
volume_momentum,1,2026-09-16 05:00:00+00:00,-0.05231862079974459,0.6741382029916961,67
volume_momentum,1,2026-09-16 06:00:00+00:00,0.05039661554732945,0.6997096278090897,61
volume_surprise,1,2026-09-05 18:00:00+00:00,0.6,0.28475697986529386,5
volume_surprise,1,2026-09-06 06:00:00+00:00,0.0,1.0,5
volume_surprise,1,2026-09-06 13:00:00+00:00,-0.19999999999999998,0.7470600781046621,5
volume_surprise,1,2026-09-06 21:00:00+00:00,0.0,1.0,5
volume_surprise,1,2026-09-07 14:00:00+00:00,-0.5714285714285715,0.13895995716070678,8
volume_surprise,1,2026-09-07 15:00:00+00:00,-0.1785714285714286,0.7016579425162728,7
volume_surprise,1,2026-09-08 01:00:00+00:00,-0.7999999999999999,0.10408803866182788,5
volume_surprise,1,2026-09-08 15:00:00+00:00,0.09523809523809526,0.8225054302036114,8
volume_surprise,1,2026-09-08 16:00:00+00:00,0.14285714285714288,0.7599453002180928,7
volume_surprise,1,2026-09-08 23:00:00+00:00,0.49999999999999994,0.3910022189557703,5
volume_surprise,1,2026-09-09 08:00:00+00:00,-0.19999999999999998,0.7470600781046621,5
volume_surprise,1,2026-09-09 12:00:00+00:00,-0.6,0.28475697986529386,5
volume_surprise,1,2026-09-09 13:00:00+00:00,0.7,0.1881204043741873,5
volume_surprise,1,2026-09-09 14:00:00+00:00,0.0,1.0,5
volume_surprise,1,2026-09-09 15:00:00+00:00,-0.31666666666666665,0.406397014486386,9
volume_surprise,1,2026-09-09 16:00:00+00:00,-0.6818181818181819,0.02084285361094508,11
volume_surprise,1,2026-09-09 17:00:00+00:00,0.5166666666666667,0.15439012098622507,9
volume_surprise,1,2026-09-09 18:00:00+00:00,-0.03571428571428572,0.9394082054712856,7
volume_surprise,1,2026-09-09 19:00:00+00:00,0.11666666666666665,0.765007942926146,9
volume_surprise,1,2026-09-09 21:00:00+00:00,-0.14285714285714288,0.7599453002180928,7
volume_surprise,1,2026-09-09 23:00:00+00:00,-0.49999999999999994,0.3910022189557703,5
volume_surprise,1,2026-09-10 02:00:00+00:00,-0.49999999999999994,0.3910022189557703,5
volume_surprise,1,2026-09-10 04:00:00+00:00,0.0,1.0,5
volume_surprise,1,2026-09-10 06:00:00+00:00,-0.6,0.28475697986529386,5
volume_surprise,1,2026-09-10 10:00:00+00:00,0.7,0.1881204043741873,5
volume_surprise,1,2026-09-10 11:00:00+00:00,0.03571428571428572,0.9394082054712856,7
volume_surprise,1,2026-09-10 12:00:00+00:00,-0.06666666666666665,0.8548130882487427,10
volume_surprise,1,2026-09-10 13:00:00+00:00,-0.4666666666666666,0.2053863511058121,9
volume_surprise,1,2026-09-10 14:00:00+00:00,0.3333333333333334,0.41975308641975323,8
volume_surprise,1,2026-09-10 15:00:00+00:00,-0.07142857142857144,0.8665262706759087,8
volume_surprise,1,2026-09-10 16:00:00+00:00,-0.8857142857142858,0.01884548104956266,6
volume_surprise,1,2026-09-10 17:00:00+00:00,0.18333333333333335,0.6368198117628943,9
volume_surprise,1,2026-09-10 18:00:00+00:00,0.049999999999999996,0.8983528043506303,9
volume_surprise,1,2026-09-10 21:00:00+00:00,0.3142857142857143,0.5440932944606415,6
volume_surprise,1,2026-09-11 01:00:00+00:00,0.7,0.1881204043741873,5
volume_surprise,1,2026-09-11 02:00:00+00:00,0.7142857142857143,0.11078717201166179,6
volume_surprise,1,2026-09-11 03:00:00+00:00,-0.5357142857142858,0.21521745567801284,7
volume_surprise,1,2026-09-11 04:00:00+00:00,0.3,0.623837664781073,5
volume_surprise,1,2026-09-11 05:00:00+00:00,0.3714285714285715,0.4684781341107872,6
volume_surprise,1,2026-09-11 06:00:00+00:00,-0.7619047619047621,0.028004939153071815,8
volume_surprise,1,2026-09-11 07:00:00+00:00,-0.14285714285714288,0.7357648598798119,8
volume_surprise,1,2026-09-11 08:00:00+00:00,-0.4047619047619048,0.3198886412288164,8
volume_surprise,1,2026-09-11 09:00:00+00:00,-0.25,0.5164895523012261,9
volume_surprise,1,2026-09-11 10:00:00+00:00,0.11538461538461539,0.7073898735142603,13
volume_surprise,1,2026-09-11 11:00:00+00:00,-0.14685314685314685,0.6487957097846665,12
volume_surprise,1,2026-09-11 12:00:00+00:00,0.4097007223942208,0.09131835313137282,18
volume_surprise,1,2026-09-11 13:00:00+00:00,-0.17719298245614035,0.46801996198974116,19
volume_surprise,1,2026-09-11 14:00:00+00:00,-0.09649122807017543,0.6943484389585839,19
volume_surprise,1,2026-09-11 15:00:00+00:00,0.15583075335397317,0.5369306230900767,18
volume_surprise,1,2026-09-11 16:00:00+00:00,0.4176470588235294,0.10747407939930048,16
volume_surprise,1,2026-09-11 17:00:00+00:00,-0.5205882352941177,0.03869090714064993,16
volume_surprise,1,2026-09-11 18:00:00+00:00,-0.13684210526315788,0.5764173798364027,19
volume_surprise,1,2026-09-11 19:00:00+00:00,0.1357142857142857,0.6296204418728145,15
volume_surprise,1,2026-09-11 20:00:00+00:00,-0.0010319917440660476,0.9967573972800612,18
volume_surprise,1,2026-09-11 21:00:00+00:00,0.038183694530443756,0.8804304907652737,18
volume_surprise,1,2026-09-11 22:00:00+00:00,0.22637362637362637,0.4364347945560527,14
volume_surprise,1,2026-09-11 23:00:00+00:00,0.19090909090909092,0.5739131682855215,11
volume_surprise,1,2026-09-12 00:00:00+00:00,-0.15714285714285714,0.5759526006037947,15
volume_surprise,1,2026-09-12 01:00:00+00:00,-0.4943240454076367,0.037044049807446175,18
volume_surprise,1,2026-09-12 02:00:00+00:00,-0.03157894736842105,0.8948543863933639,20
volume_surprise,1,2026-09-12 03:00:00+00:00,-0.468695652173913,0.020877632609712305,24
volume_surprise,1,2026-09-12 04:00:00+00:00,-0.049999999999999996,0.8540995521297438,16
volume_surprise,1,2026-09-12 05:00:00+00:00,-0.0029411764705882353,0.9913748045563624,16
volume_surprise,1,2026-09-12 06:00:00+00:00,0.25465838509316774,0.25274305136294,22
volume_surprise,1,2026-09-12 07:00:00+00:00,-0.2653846153846154,0.19979816629416478,25
volume_surprise,1,2026-09-12 08:00:00+00:00,0.11379310344827585,0.5566975148334772,29
volume_surprise,1,2026-09-12 09:00:00+00:00,-0.00874655203896402,0.9435648563437483,68
volume_surprise,1,2026-09-12 10:00:00+00:00,0.15355466130114015,0.20107104014104127,71
volume_surprise,1,2026-09-12 11:00:00+00:00,0.10195083544746741,0.4010123014371705,70
volume_surprise,1,2026-09-12 12:00:00+00:00,-0.0651497755975368,0.603259286805364,66
volume_surprise,1,2026-09-12 13:00:00+00:00,0.0838946723821188,0.48988389276012534,70
volume_surprise,1,2026-09-12 14:00:00+00:00,0.08620418161140758,0.4779695439470492,70
volume_surprise,1,2026-09-12 15:00:00+00:00,0.14106686152721962,0.24760974078507758,69
volume_surprise,1,2026-09-12 16:00:00+00:00,0.03989006374775737,0.7467164856365612,68
volume_surprise,1,2026-09-12 17:00:00+00:00,0.0778506656376616,0.5156849816998618,72
volume_surprise,1,2026-09-12 18:00:00+00:00,-0.13195729976551895,0.26576901827001587,73
volume_surprise,1,2026-09-12 19:00:00+00:00,0.08239223463104062,0.5107385659328247,66
volume_surprise,1,2026-09-12 20:00:00+00:00,0.17161172161172158,0.17512510665193384,64
volume_surprise,1,2026-09-12 21:00:00+00:00,-0.11402688486265344,0.38982940221590734,59
volume_surprise,1,2026-09-12 22:00:00+00:00,-0.08667445938047925,0.5139209383850314,59
volume_surprise,1,2026-09-12 23:00:00+00:00,-0.24260752688172046,0.05538986207127402,63
volume_surprise,1,2026-09-13 00:00:00+00:00,0.13786630036630035,0.2773063489851471,64
volume_surprise,1,2026-09-13 01:00:00+00:00,-0.017138085794802218,0.8913626038643009,66
volume_surprise,1,2026-09-13 02:00:00+00:00,-0.08177029292042463,0.5106501051484302,67
volume_surprise,1,2026-09-13 03:00:00+00:00,-0.05694788091627425,0.6471406652223158,67
volume_surprise,1,2026-09-13 04:00:00+00:00,-0.019582394930717256,0.8740613228424858,68
volume_surprise,1,2026-09-13 05:00:00+00:00,0.09242119382964453,0.44333440840090454,71
volume_surprise,1,2026-09-13 06:00:00+00:00,-0.07604590892262122,0.5195961569853712,74
volume_surprise,1,2026-09-13 07:00:00+00:00,0.1687889896456364,0.15638121434154,72
volume_surprise,1,2026-09-13 08:00:00+00:00,-0.026375416512402806,0.8234841727961847,74
volume_surprise,1,2026-09-13 09:00:00+00:00,0.12159940762680486,0.3020416486090622,74
volume_surprise,1,2026-09-13 10:00:00+00:00,0.20049485194349115,0.10377912392980748,67
volume_surprise,1,2026-09-13 11:00:00+00:00,-0.06170355466130114,0.6092234259705039,71
volume_surprise,1,2026-09-13 12:00:00+00:00,-0.002024291497975708,0.9860596240206243,77
volume_surprise,1,2026-09-13 13:00:00+00:00,-0.13039747064137305,0.2459273039658543,81
volume_surprise,1,2026-09-13 14:00:00+00:00,-0.028034061458718985,0.8125799521641622,74
volume_surprise,1,2026-09-13 15:00:00+00:00,0.08386988598256202,0.48681535435208334,71
volume_surprise,1,2026-09-13 16:00:00+00:00,-0.0027011383368705385,0.98203409914097,72
volume_surprise,1,2026-09-13 17:00:00+00:00,-0.04553990610328638,0.706091350493831,71
volume_surprise,1,2026-09-13 18:00:00+00:00,0.21285326422312728,0.07060493453930035,73
volume_surprise,1,2026-09-13 19:00:00+00:00,0.0020248408308109803,0.9871262181621625,66
volume_surprise,1,2026-09-13 20:00:00+00:00,-0.02055231862079975,0.8688814116297835,67
volume_surprise,1,2026-09-13 21:00:00+00:00,-0.01221166892808684,0.9218692782528122,67
volume_surprise,1,2026-09-13 22:00:00+00:00,-0.08939954956674429,0.4684560628741892,68
volume_surprise,1,2026-09-13 23:00:00+00:00,0.08116258741258742,0.520406601046864,65
volume_surprise,1,2026-09-14 00:00:00+00:00,-0.09199853854585313,0.4521516446392616,69
volume_surprise,1,2026-09-14 01:00:00+00:00,0.07478649533083248,0.5475223277643396,67
volume_surprise,1,2026-09-14 02:00:00+00:00,-0.1244712267539309,0.31558260931287163,67
volume_surprise,1,2026-09-14 03:00:00+00:00,-0.15827548410668618,0.19397100145823554,69
volume_surprise,1,2026-09-14 04:00:00+00:00,-0.20204560697518442,0.09108096137006932,71
volume_surprise,1,2026-09-14 05:00:00+00:00,-0.188275773361631,0.11323625307283154,72
volume_surprise,1,2026-09-14 06:00:00+00:00,-0.1487597186227323,0.20589105035822858,74
volume_surprise,1,2026-09-14 07:00:00+00:00,0.15954091077378746,0.17453591086396886,74
volume_surprise,1,2026-09-14 08:00:00+00:00,-0.19559093692590324,0.10465762468014662,70
volume_surprise,1,2026-09-14 09:00:00+00:00,-0.18965849893883852,0.11056472396292101,72
volume_surprise,1,2026-09-14 10:00:00+00:00,0.215126978284873,0.0602555433987367,77
volume_surprise,1,2026-09-14 11:00:00+00:00,0.2623897581792319,0.022953915889109434,75
volume_surprise,1,2026-09-14 12:00:00+00:00,0.0699174243478041,0.5430087039886168,78
volume_surprise,1,2026-09-14 13:00:00+00:00,-0.16247510668563298,0.1637057380799034,75
volume_surprise,1,2026-09-14 14:00:00+00:00,-0.3178017878963278,0.006521197752767305,72
volume_surprise,1,2026-09-14 15:00:00+00:00,0.056539235412474846,0.63955094331923,71
volume_surprise,1,2026-09-14 16:00:00+00:00,-0.026416621353330214,0.818419246670733,78
volume_surprise,1,2026-09-14 17:00:00+00:00,-0.17801186155616533,0.11893543756439703,78
volume_surprise,1,2026-09-14 18:00:00+00:00,-0.01991854868567197,0.8662328944545457,74
volume_surprise,1,2026-09-14 19:00:00+00:00,-0.0862302254707318,0.45285188423416467,78
volume_surprise,1,2026-09-14 20:00:00+00:00,-0.22553128470936687,0.05335517965948994,74
volume_surprise,1,2026-09-14 21:00:00+00:00,-0.08659720882371859,0.4694943781050995,72
volume_surprise,1,2026-09-14 22:00:00+00:00,-0.23402912876597085,0.04050609581335226,77
volume_surprise,1,2026-09-14 23:00:00+00:00,0.06911825017088175,0.5529919189957998,76
volume_surprise,1,2026-09-15 00:00:00+00:00,-0.025190670122176965,0.8312935084502192,74
volume_surprise,1,2026-09-15 01:00:00+00:00,-0.10902011680726799,0.37616885797632255,68
volume_surprise,1,2026-09-15 02:00:00+00:00,-0.06673454276194003,0.5748214432557208,73
volume_surprise,1,2026-09-15 03:00:00+00:00,0.08052580331061344,0.4805192247832126,79
volume_surprise,1,2026-09-15 04:00:00+00:00,0.14578263841421735,0.20891082663192825,76
volume_surprise,1,2026-09-15 05:00:00+00:00,0.014900888585099113,0.8983412120198278,76
volume_surprise,1,2026-09-15 06:00:00+00:00,0.018833570412517778,0.8725831457065691,75
volume_surprise,1,2026-09-15 07:00:00+00:00,-0.25861927546138075,0.024086336723659566,76
volume_surprise,1,2026-09-15 08:00:00+00:00,-0.1527498323272971,0.2034708499339936,71
volume_surprise,1,2026-09-15 09:00:00+00:00,0.010829322473158091,0.9275470706426764,73
volume_surprise,1,2026-09-15 10:00:00+00:00,0.20389483933787733,0.07148943109337778,79
volume_surprise,1,2026-09-15 11:00:00+00:00,0.09012040590987959,0.435710776041525,77
volume_surprise,1,2026-09-15 12:00:00+00:00,0.0333716915995397,0.7717755883360694,78
volume_surprise,1,2026-09-15 13:00:00+00:00,0.03838186437365644,0.7272751831828417,85
volume_surprise,1,2026-09-15 14:00:00+00:00,0.1046070460704607,0.35269035839166946,81
volume_surprise,1,2026-09-15 15:00:00+00:00,0.015328541054976207,0.8899310560079027,84
volume_surprise,1,2026-09-15 16:00:00+00:00,-0.12820620460937826,0.24805993187952588,83
volume_surprise,1,2026-09-15 17:00:00+00:00,-0.006077779949188978,0.9559749901904876,85
volume_surprise,1,2026-09-15 18:00:00+00:00,0.05491498925151455,0.6176583701749625,85
volume_surprise,1,2026-09-15 19:00:00+00:00,-0.006657039202564194,0.9509161566286147,88
volume_surprise,1,2026-09-15 20:00:00+00:00,-0.052905388491635924,0.6368877378760853,82
volume_surprise,1,2026-09-15 21:00:00+00:00,-0.06315778017217924,0.5729574804437136,82
volume_surprise,1,2026-09-15 22:00:00+00:00,0.013759962494139709,0.9035789028646689,80
volume_surprise,1,2026-09-15 23:00:00+00:00,-0.09272306640727691,0.42251629383775574,77
volume_surprise,1,2026-09-16 00:00:00+00:00,-0.03173142646826857,0.7841178075783846,77
volume_surprise,1,2026-09-16 01:00:00+00:00,-0.0780823643004072,0.4828985837173725,83
volume_surprise,1,2026-09-16 02:00:00+00:00,0.011264524948735475,0.9230620297649782,76
volume_surprise,1,2026-09-16 03:00:00+00:00,0.06787391012743126,0.5738343595504102,71
volume_surprise,1,2026-09-16 04:00:00+00:00,0.02644723697355276,0.8193993463547915,77
volume_surprise,1,2026-09-16 05:00:00+00:00,-0.021517956312476855,0.8556030151031062,74
volume_surprise,1,2026-09-16 06:00:00+00:00,0.0065400073072707345,0.9574662127184101,69
amihud_illiquidity,1,2026-09-08 16:00:00+00:00,-0.39999999999999997,0.5046315754686912,5
amihud_illiquidity,1,2026-09-09 16:00:00+00:00,0.7857142857142859,0.03623846267982714,7
amihud_illiquidity,1,2026-09-09 17:00:00+00:00,-0.03571428571428572,0.9394082054712856,7
amihud_illiquidity,1,2026-09-09 18:00:00+00:00,-0.08571428571428573,0.8717434402332361,6
amihud_illiquidity,1,2026-09-09 19:00:00+00:00,-0.7999999999999999,0.10408803866182788,5
amihud_illiquidity,1,2026-09-10 13:00:00+00:00,0.8214285714285715,0.023448808345691494,7
amihud_illiquidity,1,2026-09-10 15:00:00+00:00,-0.19999999999999998,0.7470600781046621,5
amihud_illiquidity,1,2026-09-11 03:00:00+00:00,0.9999999999999999,1.4042654220543602e-24,5
amihud_illiquidity,1,2026-09-11 06:00:00+00:00,0.7,0.1881204043741873,5
amihud_illiquidity,1,2026-09-11 08:00:00+00:00,0.6,0.28475697986529386,5
amihud_illiquidity,1,2026-09-11 09:00:00+00:00,-0.49999999999999994,0.3910022189557703,5
amihud_illiquidity,1,2026-09-11 10:00:00+00:00,-0.016666666666666666,0.9660548039946862,9
amihud_illiquidity,1,2026-09-11 11:00:00+00:00,0.29696969696969694,0.40470167127015694,10
amihud_illiquidity,1,2026-09-11 12:00:00+00:00,0.25874125874125875,0.41677476889913817,12
amihud_illiquidity,1,2026-09-11 13:00:00+00:00,0.6382352941176471,0.007801138631008013,16
amihud_illiquidity,1,2026-09-11 14:00:00+00:00,-0.024999999999999998,0.9295289708192378,15
amihud_illiquidity,1,2026-09-11 15:00:00+00:00,0.18627450980392157,0.4740951399440866,17
amihud_illiquidity,1,2026-09-11 16:00:00+00:00,0.1043956043956044,0.7343037452877025,13
amihud_illiquidity,1,2026-09-11 17:00:00+00:00,-0.016483516483516484,0.9573761750901848,13
amihud_illiquidity,1,2026-09-11 18:00:00+00:00,-0.432967032967033,0.12201000596848025,14
amihud_illiquidity,1,2026-09-11 19:00:00+00:00,-0.5594405594405596,0.05858947538856764,12
amihud_illiquidity,1,2026-09-11 20:00:00+00:00,0.3021978021978022,0.31560836624995475,13
amihud_illiquidity,1,2026-09-11 21:00:00+00:00,0.47857142857142854,0.07113080825563314,15
amihud_illiquidity,1,2026-09-11 22:00:00+00:00,-0.2797202797202798,0.37856866966230307,12
amihud_illiquidity,1,2026-09-11 23:00:00+00:00,-0.8095238095238096,0.01490266768623008,8
amihud_illiquidity,1,2026-09-12 00:00:00+00:00,-0.10909090909090911,0.7495085962341483,11
amihud_illiquidity,1,2026-09-12 01:00:00+00:00,-0.04285714285714285,0.8794603130258999,15
amihud_illiquidity,1,2026-09-12 02:00:00+00:00,0.1323529411764706,0.6251064291516133,16
amihud_illiquidity,1,2026-09-12 03:00:00+00:00,0.29624060150375936,0.20471829742862163,20
amihud_illiquidity,1,2026-09-12 04:00:00+00:00,0.3021978021978022,0.31560836624995475,13
amihud_illiquidity,1,2026-09-12 05:00:00+00:00,-0.22637362637362637,0.4364347945560527,14
amihud_illiquidity,1,2026-09-12 06:00:00+00:00,0.2321428571428571,0.40509874069364893,15
amihud_illiquidity,1,2026-09-12 07:00:00+00:00,0.015810276679841896,0.94292087982473,23
amihud_illiquidity,1,2026-09-12 08:00:00+00:00,0.37846153846153846,0.05658790502548214,26
amihud_illiquidity,1,2026-09-12 09:00:00+00:00,0.2500156559858053,0.04290790173733645,66
amihud_illiquidity,1,2026-09-12 10:00:00+00:00,-0.01561355311355311,0.9025394724029239,64
amihud_illiquidity,1,2026-09-12 11:00:00+00:00,0.1748669241206555,0.16022097043972078,66
amihud_illiquidity,1,2026-09-12 12:00:00+00:00,0.08929195804195804,0.4793544077522831,65
amihud_illiquidity,1,2026-09-12 13:00:00+00:00,0.11040706605222735,0.38900773913651127,63
amihud_illiquidity,1,2026-09-12 14:00:00+00:00,-0.02102077027450162,0.8669537491279926,66
amihud_illiquidity,1,2026-09-12 15:00:00+00:00,-0.16959485407066052,0.18391048853202566,63
amihud_illiquidity,1,2026-09-12 16:00:00+00:00,0.024444212503914,0.8455334849383784,66
amihud_illiquidity,1,2026-09-12 17:00:00+00:00,0.08416473780828479,0.49830677874485907,67
amihud_illiquidity,1,2026-09-12 18:00:00+00:00,0.07243460764587525,0.5483059102431542,71
amihud_illiquidity,1,2026-09-12 19:00:00+00:00,0.12399475524475524,0.3250737408634313,65
amihud_illiquidity,1,2026-09-12 20:00:00+00:00,0.15237565990552937,0.24512577553199424,60
amihud_illiquidity,1,2026-09-12 21:00:00+00:00,-0.018796992481203006,0.8896221556734508,57
amihud_illiquidity,1,2026-09-12 22:00:00+00:00,-0.0992784992784993,0.47082198475753917,55
amihud_illiquidity,1,2026-09-12 23:00:00+00:00,-0.1606170598911071,0.23266014371223243,57
amihud_illiquidity,1,2026-09-13 00:00:00+00:00,0.13734767954368685,0.3082896859573146,57
amihud_illiquidity,1,2026-09-13 01:00:00+00:00,-0.15415393164767996,0.23959574477915463,60
amihud_illiquidity,1,2026-09-13 02:00:00+00:00,0.01795472287275566,0.8898376743180172,62
amihud_illiquidity,1,2026-09-13 03:00:00+00:00,-0.10428344791115811,0.4238185047842026,61
amihud_illiquidity,1,2026-09-13 04:00:00+00:00,-0.0009615384615384615,0.9939834512480549,64
amihud_illiquidity,1,2026-09-13 05:00:00+00:00,-0.05271595984273008,0.6694196603161052,68
amihud_illiquidity,1,2026-09-13 06:00:00+00:00,0.09436194984158491,0.4440260234007454,68
amihud_illiquidity,1,2026-09-13 07:00:00+00:00,0.0015571691015659173,0.9897924363089715,70
amihud_illiquidity,1,2026-09-13 08:00:00+00:00,-0.10878761273844682,0.38086037630578323,67
amihud_illiquidity,1,2026-09-13 09:00:00+00:00,-0.05576974462724739,0.6514745500216303,68
amihud_illiquidity,1,2026-09-13 10:00:00+00:00,-0.00022893772893772894,0.9985674758988246,64
amihud_illiquidity,1,2026-09-13 11:00:00+00:00,0.024986953345162308,0.842147389153057,66
amihud_illiquidity,1,2026-09-13 12:00:00+00:00,-0.05550253845860212,0.6530370820364366,68
amihud_illiquidity,1,2026-09-13 13:00:00+00:00,0.07179439713686289,0.546106982908748,73
amihud_illiquidity,1,2026-09-13 14:00:00+00:00,0.12245160460479775,0.30549809088033164,72
amihud_illiquidity,1,2026-09-13 15:00:00+00:00,-0.2261965655827549,0.06163588833431606,69
amihud_illiquidity,1,2026-09-13 16:00:00+00:00,0.006101571063207893,0.9603152578070601,69
amihud_illiquidity,1,2026-09-13 17:00:00+00:00,-0.10535557506584724,0.39251770862091706,68
amihud_illiquidity,1,2026-09-13 18:00:00+00:00,0.1700958124976142,0.1655118389775192,68
amihud_illiquidity,1,2026-09-13 19:00:00+00:00,-0.3018315018315018,0.015355460714047444,64
amihud_illiquidity,1,2026-09-13 20:00:00+00:00,0.18566644002921107,0.14851892250350407,62
amihud_illiquidity,1,2026-09-13 21:00:00+00:00,0.35018241167434716,0.004900414185023503,63
amihud_illiquidity,1,2026-09-13 22:00:00+00:00,0.048946886446886446,0.7009133570554504,64
amihud_illiquidity,1,2026-09-13 23:00:00+00:00,-0.1592741935483871,0.21244825101343648,63
amihud_illiquidity,1,2026-09-14 00:00:00+00:00,0.016897081413210446,0.8962900323488848,62
amihud_illiquidity,1,2026-09-14 01:00:00+00:00,-0.002442648132759185,0.9849671240838804,62
amihud_illiquidity,1,2026-09-14 02:00:00+00:00,0.1647654302334366,0.20064063705410107,62
amihud_illiquidity,1,2026-09-14 03:00:00+00:00,-0.06805069930069929,0.5901477910191979,65
amihud_illiquidity,1,2026-09-14 04:00:00+00:00,-0.002833426450634528,0.9818447690683892,67
amihud_illiquidity,1,2026-09-14 05:00:00+00:00,0.1008460371937106,0.4167921514413357,67
amihud_illiquidity,1,2026-09-14 06:00:00+00:00,0.19853854585312386,0.10196918312100314,69
amihud_illiquidity,1,2026-09-14 07:00:00+00:00,0.10535557506584724,0.3961548110255473,67
amihud_illiquidity,1,2026-09-14 08:00:00+00:00,-0.27240801340889137,0.02573726964969138,67
amihud_illiquidity,1,2026-09-14 09:00:00+00:00,0.25602168187197005,0.035089153478449604,68
amihud_illiquidity,1,2026-09-14 10:00:00+00:00,-0.018670076726342716,0.8789776872122634,69
amihud_illiquidity,1,2026-09-14 11:00:00+00:00,-0.06271751203258052,0.5955196763605201,74
amihud_illiquidity,1,2026-09-14 12:00:00+00:00,-0.18181537702085648,0.12368678432123323,73
amihud_illiquidity,1,2026-09-14 13:00:00+00:00,0.16554119235963732,0.16462335707640174,72
amihud_illiquidity,1,2026-09-14 14:00:00+00:00,0.12585075671419824,0.29921491772821085,70
amihud_illiquidity,1,2026-09-14 15:00:00+00:00,0.05664770775279611,0.6463510673038011,68
amihud_illiquidity,1,2026-09-14 16:00:00+00:00,0.016002922908293755,0.8961628654660649,69
amihud_illiquidity,1,2026-09-14 17:00:00+00:00,0.029001604344070103,0.807568336557962,73
amihud_illiquidity,1,2026-09-14 18:00:00+00:00,0.27219986586183764,0.021651172761342194,71
amihud_illiquidity,1,2026-09-14 19:00:00+00:00,0.2257545271629778,0.05835872173310189,71
amihud_illiquidity,1,2026-09-14 20:00:00+00:00,0.027256119839240048,0.8240714618390872,69
amihud_illiquidity,1,2026-09-14 21:00:00+00:00,0.0284037558685446,0.8141050918371621,71
amihud_illiquidity,1,2026-09-14 22:00:00+00:00,-0.13533374157991426,0.2639754869009613,70
amihud_illiquidity,1,2026-09-14 23:00:00+00:00,-0.20994919287413985,0.07671294736178727,72
amihud_illiquidity,1,2026-09-15 00:00:00+00:00,0.3202344501793369,0.006879928516889814,70
amihud_illiquidity,1,2026-09-15 01:00:00+00:00,0.07876004592422504,0.5296097197923285,66
amihud_illiquidity,1,2026-09-15 02:00:00+00:00,0.09882811008894148,0.42266059546997387,68
amihud_illiquidity,1,2026-09-15 03:00:00+00:00,-0.16192693819903042,0.18708444728869833,68
amihud_illiquidity,1,2026-09-15 04:00:00+00:00,0.076339314425365,0.5238937139175295,72
amihud_illiquidity,1,2026-09-15 05:00:00+00:00,0.1687248812568506,0.16578103684763545,69
amihud_illiquidity,1,2026-09-15 06:00:00+00:00,0.17615694164989937,0.14169816403144087,71
amihud_illiquidity,1,2026-09-15 07:00:00+00:00,0.014760686883449035,0.9041836980386813,69
amihud_illiquidity,1,2026-09-15 08:00:00+00:00,0.013932893079360232,0.9102137666920219,68
amihud_illiquidity,1,2026-09-15 09:00:00+00:00,0.1151658586861091,0.3496895382524918,68
amihud_illiquidity,1,2026-09-15 10:00:00+00:00,-0.14233225439594088,0.23983844814957223,70
amihud_illiquidity,1,2026-09-15 11:00:00+00:00,-0.06852530709370379,0.5673537152875667,72
amihud_illiquidity,1,2026-09-15 12:00:00+00:00,0.08344588076403628,0.48587382072743784,72
amihud_illiquidity,1,2026-09-15 13:00:00+00:00,0.2077098150782361,0.07374953518619676,75
amihud_illiquidity,1,2026-09-15 14:00:00+00:00,-0.10889110889110888,0.34262098157167076,78
amihud_illiquidity,1,2026-09-15 15:00:00+00:00,0.04941577409931841,0.6653921386168842,79
amihud_illiquidity,1,2026-09-15 16:00:00+00:00,0.0914149141997243,0.4260387237415151,78
amihud_illiquidity,1,2026-09-15 17:00:00+00:00,0.07414439756211909,0.51334960951145,80
amihud_illiquidity,1,2026-09-15 18:00:00+00:00,-0.1806007226738934,0.10664885677588566,81
amihud_illiquidity,1,2026-09-15 19:00:00+00:00,0.14785428978787782,0.18496491100138163,82
amihud_illiquidity,1,2026-09-15 20:00:00+00:00,0.13905297702766056,0.21864482916018843,80
amihud_illiquidity,1,2026-09-15 21:00:00+00:00,-0.09854702259765549,0.3906804529199895,78
amihud_illiquidity,1,2026-09-15 22:00:00+00:00,-0.09083022240916977,0.4320893807818633,77
amihud_illiquidity,1,2026-09-15 23:00:00+00:00,-0.10841663581389609,0.36123239961982045,73
amihud_illiquidity,1,2026-09-16 00:00:00+00:00,0.07881535790082965,0.5104797277211581,72
amihud_illiquidity,1,2026-09-16 01:00:00+00:00,0.13476529160739686,0.24900609809253144,75
amihud_illiquidity,1,2026-09-16 02:00:00+00:00,0.13789403085177732,0.25147254693773924,71
amihud_illiquidity,1,2026-09-16 03:00:00+00:00,-0.0319327731092437,0.7944981155059686,69
amihud_illiquidity,1,2026-09-16 04:00:00+00:00,0.051379928999503756,0.6773297744721233,68
amihud_illiquidity,1,2026-09-16 05:00:00+00:00,-0.16402984114734068,0.1685661247434329,72
amihud_illiquidity,1,2026-09-16 06:00:00+00:00,0.1449326792610375,0.2456075721054678,66
chain_volume_breadth,1,2026-09-05 18:00:00+00:00,0.0,1.0,5
chain_volume_breadth,1,2026-09-06 06:00:00+00:00,0.8280786712108251,0.041794680456045265,6
chain_volume_breadth,1,2026-09-06 13:00:00+00:00,-0.35355339059327373,0.5594043441634877,5
chain_volume_breadth,1,2026-09-07 14:00:00+00:00,-0.25197631533948484,0.5471616124270273,8
chain_volume_breadth,1,2026-09-07 15:00:00+00:00,-0.15811388300841894,0.7349201962234642,7
chain_volume_breadth,1,2026-09-08 01:00:00+00:00,0.5976143046671969,0.210295383118347,6
chain_volume_breadth,1,2026-09-08 15:00:00+00:00,0.32602533184831317,0.4306387692476984,8
chain_volume_breadth,1,2026-09-08 16:00:00+00:00,-0.3585685828003181,0.4296406812488273,7
chain_volume_breadth,1,2026-09-08 23:00:00+00:00,0.0,1.0,5
chain_volume_breadth,1,2026-09-09 08:00:00+00:00,-0.7826237921249264,0.11761376087345812,5
chain_volume_breadth,1,2026-09-09 12:00:00+00:00,-0.8660254037844386,0.05766888562243736,5
chain_volume_breadth,1,2026-09-09 13:00:00+00:00,0.35355339059327373,0.5594043441634877,5
chain_volume_breadth,1,2026-09-09 14:00:00+00:00,0.5408987230262506,0.26777767151474974,6
chain_volume_breadth,1,2026-09-09 15:00:00+00:00,0.1732050807568877,0.6558521087759753,9
chain_volume_breadth,1,2026-09-09 16:00:00+00:00,0.3678061789603123,0.26576418855409023,11
chain_volume_breadth,1,2026-09-09 17:00:00+00:00,0.044543540318737404,0.9094065494908765,9
chain_volume_breadth,1,2026-09-09 18:00:00+00:00,-0.20412414523193148,0.6606421552406505,7
chain_volume_breadth,1,2026-09-09 21:00:00+00:00,-0.15811388300841894,0.7349201962234642,7
chain_volume_breadth,1,2026-09-10 00:00:00+00:00,-0.15811388300841897,0.7995251457913304,5
chain_volume_breadth,1,2026-09-10 02:00:00+00:00,0.3354101966249684,0.5810906728217107,5
chain_volume_breadth,1,2026-09-10 04:00:00+00:00,0.7071067811865475,0.18169011381620942,5
chain_volume_breadth,1,2026-09-10 06:00:00+00:00,0.0,1.0,5
chain_volume_breadth,1,2026-09-10 10:00:00+00:00,-0.13522468075656266,0.7983993188035018,6
chain_volume_breadth,1,2026-09-10 11:00:00+00:00,-0.05634361698190111,0.89457909100177,8
chain_volume_breadth,1,2026-09-10 12:00:00+00:00,-0.2345088235604828,0.5143047181426259,10
chain_volume_breadth,1,2026-09-10 13:00:00+00:00,0.3105295017040594,0.4160485816873685,9
chain_volume_breadth,1,2026-09-10 14:00:00+00:00,-0.39123039821797584,0.33785864181233755,8
chain_volume_breadth,1,2026-09-10 15:00:00+00:00,0.05634361698190111,0.89457909100177,8
chain_volume_breadth,1,2026-09-10 16:00:00+00:00,-0.9258200997725515,0.008049893100837697,6
chain_volume_breadth,1,2026-09-10 17:00:00+00:00,0.4140393356054125,0.2679198568312244,9
chain_volume_breadth,1,2026-09-10 18:00:00+00:00,0.1863389981249825,0.6312063870469882,9
chain_volume_breadth,1,2026-09-10 21:00:00+00:00,-0.8451542547285165,0.03410942316740967,6
chain_volume_breadth,1,2026-09-11 00:00:00+00:00,0.0,1.0,5
chain_volume_breadth,1,2026-09-11 01:00:00+00:00,0.4472135954999579,0.4501848557521007,5
chain_volume_breadth,1,2026-09-11 02:00:00+00:00,-0.6210590034081188,0.18818715983081608,6
chain_volume_breadth,1,2026-09-11 03:00:00+00:00,-0.1091089451179962,0.7970385741881916,8
chain_volume_breadth,1,2026-09-11 04:00:00+00:00,-0.8280786712108251,0.041794680456045265,6
chain_volume_breadth,1,2026-09-11 05:00:00+00:00,-0.39279220242478635,0.4411128091213039,6
chain_volume_breadth,1,2026-09-11 06:00:00+00:00,0.2571722499368198,0.538641120813745,8
chain_volume_breadth,1,2026-09-11 07:00:00+00:00,0.7637626158259734,0.027396043909112076,8
chain_volume_breadth,1,2026-09-11 08:00:00+00:00,-0.25197631533948484,0.5471616124270273,8
chain_volume_breadth,1,2026-09-11 09:00:00+00:00,-0.18993429409939658,0.5991855935510637,10
chain_volume_breadth,1,2026-09-11 10:00:00+00:00,0.18309889391740297,0.5493389225380655,13
chain_volume_breadth,1,2026-09-11 11:00:00+00:00,-0.04741046559307605,0.877766437793023,13
chain_volume_breadth,1,2026-09-11 12:00:00+00:00,0.2613806382589961,0.2797349185675794,19
chain_volume_breadth,1,2026-09-11 13:00:00+00:00,0.16195158886966204,0.4830768187058183,21
chain_volume_breadth,1,2026-09-11 14:00:00+00:00,-0.08606629658238703,0.7260861848921053,19
chain_volume_breadth,1,2026-09-11 15:00:00+00:00,-0.19645989725150062,0.4201771349274716,19
chain_volume_breadth,1,2026-09-11 16:00:00+00:00,-0.24423169902168215,0.32871938854117083,18
chain_volume_breadth,1,2026-09-11 17:00:00+00:00,-0.16330701299304295,0.5456313647877706,16
chain_volume_breadth,1,2026-09-11 18:00:00+00:00,0.18856180831641267,0.4394651482309342,19
chain_volume_breadth,1,2026-09-11 19:00:00+00:00,-0.21856831619321546,0.4338580282253781,15
chain_volume_breadth,1,2026-09-11 20:00:00+00:00,0.07053241320514003,0.7741668214838471,19
chain_volume_breadth,1,2026-09-11 21:00:00+00:00,-0.4591231230884043,0.055283458738758506,18
chain_volume_breadth,1,2026-09-11 22:00:00+00:00,-0.1925822216299108,0.4916787464889273,15
chain_volume_breadth,1,2026-09-11 23:00:00+00:00,0.30717966136992914,0.30729537108679544,13
chain_volume_breadth,1,2026-09-12 00:00:00+00:00,0.2767230208206408,0.2994829243011963,16
chain_volume_breadth,1,2026-09-12 01:00:00+00:00,0.10161722417317286,0.6882613350068142,18
chain_volume_breadth,1,2026-09-12 02:00:00+00:00,-0.05971561130800212,0.7866551575447962,23
chain_volume_breadth,1,2026-09-12 03:00:00+00:00,-0.12258152069818681,0.568253686588748,24
chain_volume_breadth,1,2026-09-12 04:00:00+00:00,0.012126781251816649,0.9631565780292304,17
chain_volume_breadth,1,2026-09-12 05:00:00+00:00,0.2684246397446886,0.2814833492730878,18
chain_volume_breadth,1,2026-09-12 06:00:00+00:00,-0.05130670155043558,0.8118121239978304,24
chain_volume_breadth,1,2026-09-12 07:00:00+00:00,0.09753472089337144,0.6214792962569836,28
chain_volume_breadth,1,2026-09-12 08:00:00+00:00,0.2409441221978373,0.04450603697371388,70
chain_volume_breadth,1,2026-09-12 09:00:00+00:00,-0.15683443037973718,0.20151993096618018,68
chain_volume_breadth,1,2026-09-12 10:00:00+00:00,-0.15810346520825155,0.18788669846992867,71
chain_volume_breadth,1,2026-09-12 11:00:00+00:00,-0.04479963114638947,0.7126818458734839,70
chain_volume_breadth,1,2026-09-12 12:00:00+00:00,0.05281718400384208,0.6736202987509806,66
chain_volume_breadth,1,2026-09-12 13:00:00+00:00,-0.08200528729304753,0.49974584589874277,70
chain_volume_breadth,1,2026-09-12 14:00:00+00:00,-0.035180072676092314,0.7724839197321021,70
chain_volume_breadth,1,2026-09-12 15:00:00+00:00,-0.0610567469745932,0.6182195394164985,69
chain_volume_breadth,1,2026-09-12 16:00:00+00:00,0.11426919423633537,0.35347911835714857,68
chain_volume_breadth,1,2026-09-12 17:00:00+00:00,-0.17919522243429548,0.13203362463789978,72
chain_volume_breadth,1,2026-09-12 18:00:00+00:00,0.20892484070850728,0.07608347197926454,73
chain_volume_breadth,1,2026-09-12 19:00:00+00:00,-0.01545862320423975,0.9019532901257168,66
chain_volume_breadth,1,2026-09-12 20:00:00+00:00,-0.11539329678213377,0.3638834708603803,64
chain_volume_breadth,1,2026-09-12 21:00:00+00:00,-0.20265773407590074,0.12371660369871655,59
chain_volume_breadth,1,2026-09-12 22:00:00+00:00,0.06693338835444475,0.6144790288399791,59
chain_volume_breadth,1,2026-09-12 23:00:00+00:00,0.009793309254085458,0.9392781226963615,63
chain_volume_breadth,1,2026-09-13 00:00:00+00:00,0.10920465457232965,0.39034512573543134,64
chain_volume_breadth,1,2026-09-13 01:00:00+00:00,-0.22993443774373645,0.06327202209808319,66
chain_volume_breadth,1,2026-09-13 02:00:00+00:00,-0.1300762899076669,0.29410968371316376,67
chain_volume_breadth,1,2026-09-13 03:00:00+00:00,0.0686927530601428,0.5807112424831238,67
chain_volume_breadth,1,2026-09-13 04:00:00+00:00,-0.10053626156805152,0.41464733623896877,68
chain_volume_breadth,1,2026-09-13 05:00:00+00:00,0.004945741871721759,0.9673484377291042,71
chain_volume_breadth,1,2026-09-13 06:00:00+00:00,0.018160303627220972,0.8779457522248867,74
chain_volume_breadth,1,2026-09-13 07:00:00+00:00,0.3786395446101395,0.0010393198845976023,72
chain_volume_breadth,1,2026-09-13 08:00:00+00:00,0.12472636348508838,0.28968561382632746,74
chain_volume_breadth,1,2026-09-13 09:00:00+00:00,0.12618696113770503,0.2840299556776722,74
chain_volume_breadth,1,2026-09-13 10:00:00+00:00,-0.0327019792929163,0.7912108125944386,68
chain_volume_breadth,1,2026-09-13 11:00:00+00:00,0.12754727829023854,0.2891479676946933,71
chain_volume_breadth,1,2026-09-13 12:00:00+00:00,-0.11224274426366929,0.33110436068701604,77
chain_volume_breadth,1,2026-09-13 13:00:00+00:00,-0.13168745054489236,0.24124623148175703,81
chain_volume_breadth,1,2026-09-13 14:00:00+00:00,0.15069255298235343,0.1999936729661872,74
chain_volume_breadth,1,2026-09-13 15:00:00+00:00,-0.08364808706098507,0.48797232478632063,71
chain_volume_breadth,1,2026-09-13 16:00:00+00:00,0.006216050996798839,0.9586702765151434,72
chain_volume_breadth,1,2026-09-13 17:00:00+00:00,0.21397440890605038,0.07316624194953829,71
chain_volume_breadth,1,2026-09-13 18:00:00+00:00,-0.17897123633739384,0.12977256555206906,73
chain_volume_breadth,1,2026-09-13 19:00:00+00:00,-0.007660635699844075,0.951321727092129,66
chain_volume_breadth,1,2026-09-13 20:00:00+00:00,-0.010723117939293094,0.9313685117252931,67
chain_volume_breadth,1,2026-09-13 21:00:00+00:00,0.23043562677548074,0.060650579046829425,67
chain_volume_breadth,1,2026-09-13 22:00:00+00:00,0.0603233177376324,0.6250811544802096,68
chain_volume_breadth,1,2026-09-13 23:00:00+00:00,-0.255620476627531,0.03986253772705785,65
chain_volume_breadth,1,2026-09-14 00:00:00+00:00,-0.06367006717775565,0.6032384902127872,69
chain_volume_breadth,1,2026-09-14 01:00:00+00:00,-0.2567089294090313,0.03599441495338552,67
chain_volume_breadth,1,2026-09-14 02:00:00+00:00,-0.2635207027674617,0.0311884994517213,67
chain_volume_breadth,1,2026-09-14 03:00:00+00:00,0.05792843527968465,0.6363585164402478,69
chain_volume_breadth,1,2026-09-14 04:00:00+00:00,0.08309599430689417,0.49085849678535853,71
chain_volume_breadth,1,2026-09-14 05:00:00+00:00,-0.214406325709888,0.07052049965756486,72
chain_volume_breadth,1,2026-09-14 06:00:00+00:00,-0.2460774331171825,0.0345652677140288,74
chain_volume_breadth,1,2026-09-14 07:00:00+00:00,0.11159114996734582,0.3438623564065251,74
chain_volume_breadth,1,2026-09-14 08:00:00+00:00,-0.049128514094912264,0.6862997559326794,70
chain_volume_breadth,1,2026-09-14 09:00:00+00:00,0.001403417271270891,0.9906649810215905,72
chain_volume_breadth,1,2026-09-14 10:00:00+00:00,0.07573863248958164,0.5126772804566359,77
chain_volume_breadth,1,2026-09-14 11:00:00+00:00,-0.09578237017472185,0.4136717314148411,75
chain_volume_breadth,1,2026-09-14 12:00:00+00:00,-0.020138931423755127,0.8610730785490341,78
chain_volume_breadth,1,2026-09-14 13:00:00+00:00,-0.23706336977865228,0.04057593673531853,75
chain_volume_breadth,1,2026-09-14 14:00:00+00:00,-0.051853957576810265,0.6653155016642688,72
chain_volume_breadth,1,2026-09-14 15:00:00+00:00,-0.06783070267733578,0.5740788225097173,71
chain_volume_breadth,1,2026-09-14 16:00:00+00:00,0.032204462559519795,0.7781350818790284,79
chain_volume_breadth,1,2026-09-14 17:00:00+00:00,-0.06690071788191802,0.5580061628161341,79
chain_volume_breadth,1,2026-09-14 18:00:00+00:00,-0.017638684353522616,0.8814257650842895,74
chain_volume_breadth,1,2026-09-14 19:00:00+00:00,-0.15726152166916949,0.1691174528789168,78
chain_volume_breadth,1,2026-09-14 20:00:00+00:00,0.12177615564603975,0.30133421624931295,74
chain_volume_breadth,1,2026-09-14 21:00:00+00:00,0.043592274441399646,0.716162724578241,72
chain_volume_breadth,1,2026-09-14 22:00:00+00:00,0.11163588909399509,0.33374205358990094,77
chain_volume_breadth,1,2026-09-14 23:00:00+00:00,0.01883779217521959,0.8716865062063951,76
chain_volume_breadth,1,2026-09-15 00:00:00+00:00,-0.029511461747185646,0.8028970656436502,74
chain_volume_breadth,1,2026-09-15 01:00:00+00:00,-0.08450121547524989,0.4867397973690358,70
chain_volume_breadth,1,2026-09-15 02:00:00+00:00,-0.01734221398829923,0.884217082366861,73
chain_volume_breadth,1,2026-09-15 03:00:00+00:00,0.033245356550788766,0.7711570946339468,79
chain_volume_breadth,1,2026-09-15 04:00:00+00:00,-0.35623155546988117,0.0015864498632556913,76
chain_volume_breadth,1,2026-09-15 05:00:00+00:00,-0.09016605583070877,0.4385750268146639,76
chain_volume_breadth,1,2026-09-15 06:00:00+00:00,-0.3167970834756838,0.005619866294608501,75
chain_volume_breadth,1,2026-09-15 07:00:00+00:00,-0.0960262498741995,0.40927357098389994,76
chain_volume_breadth,1,2026-09-15 08:00:00+00:00,0.08636729846338506,0.47388874492553645,71
chain_volume_breadth,1,2026-09-15 09:00:00+00:00,-0.28733049537050365,0.013056883471685288,74
chain_volume_breadth,1,2026-09-15 10:00:00+00:00,-0.1251398527397645,0.26871639427287425,80
chain_volume_breadth,1,2026-09-15 11:00:00+00:00,0.04355096347782886,0.7049838115532275,78
chain_volume_breadth,1,2026-09-15 12:00:00+00:00,-0.14637903953692225,0.19800578321440185,79
chain_volume_breadth,1,2026-09-15 13:00:00+00:00,0.1767987787340789,0.10552293150853237,85
chain_volume_breadth,1,2026-09-15 14:00:00+00:00,-0.12074872395615983,0.282920300745431,81
chain_volume_breadth,1,2026-09-15 15:00:00+00:00,0.09112992664168039,0.4096997460727364,84
chain_volume_breadth,1,2026-09-15 16:00:00+00:00,0.03185125655698615,0.7736372857940609,84
chain_volume_breadth,1,2026-09-15 17:00:00+00:00,0.1885659648458669,0.08393579180552464,85
chain_volume_breadth,1,2026-09-15 18:00:00+00:00,-0.1941877756836565,0.07494383551431039,85
chain_volume_breadth,1,2026-09-15 19:00:00+00:00,-0.21341019440967823,0.04589007323811775,88
chain_volume_breadth,1,2026-09-15 20:00:00+00:00,-0.11037889757198353,0.3235449020546094,82
chain_volume_breadth,1,2026-09-15 21:00:00+00:00,-0.08967147658533475,0.4230392195784448,82
chain_volume_breadth,1,2026-09-15 22:00:00+00:00,-0.13199624014297168,0.24315211533307357,80
chain_volume_breadth,1,2026-09-15 23:00:00+00:00,0.11341462792502806,0.32604827716133106,77
chain_volume_breadth,1,2026-09-16 00:00:00+00:00,0.012615166006155852,0.913288684800189,77
chain_volume_breadth,1,2026-09-16 01:00:00+00:00,-0.16759715398264696,0.12990905937067218,83
chain_volume_breadth,1,2026-09-16 02:00:00+00:00,-0.3397648498270178,0.0026752093239768987,76
chain_volume_breadth,1,2026-09-16 03:00:00+00:00,-0.05347105556962303,0.6555281830087849,72
chain_volume_breadth,1,2026-09-16 04:00:00+00:00,-0.1554445172229236,0.17703801640370284,77
chain_volume_breadth,1,2026-09-16 05:00:00+00:00,0.14795945059781135,0.20836864348769188,74
chain_volume_breadth,1,2026-09-16 06:00:00+00:00,-0.09033064360969387,0.4570733139237532,70
market_vol_regime,1,2026-09-05 18:00:00+00:00,0.0,1.0,5
market_vol_regime,1,2026-09-06 06:00:00+00:00,-0.8280786712108251,0.041794680456045265,6
market_vol_regime,1,2026-09-06 13:00:00+00:00,-0.6708203932499368,0.21516994256955022,5
market_vol_regime,1,2026-09-06 21:00:00+00:00,0.28867513459481287,0.6376180914006019,5
market_vol_regime,1,2026-09-07 14:00:00+00:00,-0.25197631533948484,0.5471616124270273,8
market_vol_regime,1,2026-09-07 15:00:00+00:00,-0.15811388300841894,0.7349201962234642,7
market_vol_regime,1,2026-09-08 01:00:00+00:00,0.5976143046671969,0.210295383118347,6
market_vol_regime,1,2026-09-08 15:00:00+00:00,0.19561519910898792,0.64247068613172,8
market_vol_regime,1,2026-09-08 16:00:00+00:00,-0.3585685828003181,0.4296406812488273,7
market_vol_regime,1,2026-09-08 23:00:00+00:00,0.0,1.0,5
market_vol_regime,1,2026-09-09 08:00:00+00:00,-0.8944271909999159,0.04051932635383402,5
market_vol_regime,1,2026-09-09 12:00:00+00:00,-0.8660254037844386,0.05766888562243736,5
market_vol_regime,1,2026-09-09 13:00:00+00:00,0.35355339059327373,0.5594043441634877,5
market_vol_regime,1,2026-09-09 14:00:00+00:00,0.6761234037828132,0.14035738661899466,6
market_vol_regime,1,2026-09-09 15:00:00+00:00,0.37416573867739417,0.32117650152911115,9
market_vol_regime,1,2026-09-09 16:00:00+00:00,0.6032021334949121,0.049456158427437634,11
market_vol_regime,1,2026-09-09 17:00:00+00:00,-0.044543540318737404,0.9094065494908765,9
market_vol_regime,1,2026-09-09 18:00:00+00:00,0.5400617248673216,0.2107957540029118,7
market_vol_regime,1,2026-09-09 19:00:00+00:00,0.08660254037844385,0.8246736931109945,9
market_vol_regime,1,2026-09-09 21:00:00+00:00,-0.15811388300841894,0.7349201962234642,7
market_vol_regime,1,2026-09-09 23:00:00+00:00,-0.8660254037844386,0.05766888562243736,5
market_vol_regime,1,2026-09-10 00:00:00+00:00,0.15811388300841897,0.7995251457913304,5
market_vol_regime,1,2026-09-10 02:00:00+00:00,0.3354101966249684,0.5810906728217107,5
market_vol_regime,1,2026-09-10 04:00:00+00:00,0.5270462766947298,0.3614548502018728,5
market_vol_regime,1,2026-09-10 06:00:00+00:00,0.0,1.0,5
market_vol_regime,1,2026-09-10 10:00:00+00:00,-0.13522468075656266,0.7983993188035018,6
market_vol_regime,1,2026-09-10 11:00:00+00:00,-0.05634361698190111,0.89457909100177,8
market_vol_regime,1,2026-09-10 12:00:00+00:00,-0.2345088235604828,0.5143047181426259,10
market_vol_regime,1,2026-09-10 13:00:00+00:00,0.1336306209562122,0.7317884933625406,9
market_vol_regime,1,2026-09-10 14:00:00+00:00,-0.39123039821797584,0.33785864181233755,8
market_vol_regime,1,2026-09-10 15:00:00+00:00,0.0,1.0,8
market_vol_regime,1,2026-09-10 16:00:00+00:00,0.0,1.0,6
market_vol_regime,1,2026-09-10 17:00:00+00:00,0.4721615273786164,0.19937826664739122,9
market_vol_regime,1,2026-09-10 18:00:00+00:00,0.3167762968124702,0.4062255440266691,9
market_vol_regime,1,2026-09-10 21:00:00+00:00,-0.8451542547285165,0.03410942316740967,6
market_vol_regime,1,2026-09-11 00:00:00+00:00,0.31622776601683794,0.6041813035905923,5
market_vol_regime,1,2026-09-11 02:00:00+00:00,-0.5976143046671969,0.210295383118347,6
market_vol_regime,1,2026-09-11 03:00:00+00:00,0.07715167498104596,0.855913629530575,8
market_vol_regime,1,2026-09-11 04:00:00+00:00,0.8280786712108251,0.041794680456045265,6
market_vol_regime,1,2026-09-11 05:00:00+00:00,-0.39279220242478635,0.4411128091213039,6
market_vol_regime,1,2026-09-11 06:00:00+00:00,0.7715167498104596,0.024943223294391574,8
market_vol_regime,1,2026-09-11 07:00:00+00:00,-0.7637626158259734,0.027396043909112076,8
market_vol_regime,1,2026-09-11 08:00:00+00:00,0.6172133998483676,0.1030461731795405,8
market_vol_regime,1,2026-09-11 09:00:00+00:00,-0.09631426606617742,0.7912561180227188,10
market_vol_regime,1,2026-09-11 10:00:00+00:00,0.029532079664097252,0.9237033327002419,13
market_vol_regime,1,2026-09-11 11:00:00+00:00,0.2813020958522512,0.3518286871143086,13
market_vol_regime,1,2026-09-11 12:00:00+00:00,-0.06970150353573229,0.7767626855595867,19
market_vol_regime,1,2026-09-11 13:00:00+00:00,0.017047535670490745,0.941533219679589,21
market_vol_regime,1,2026-09-11 14:00:00+00:00,-0.024182541670333724,0.9217203675178728,19
market_vol_regime,1,2026-09-11 15:00:00+00:00,0.2718687467015716,0.26017868291325646,19
market_vol_regime,1,2026-09-11 16:00:00+00:00,-0.14651511586064253,0.5618268491454981,18
market_vol_regime,1,2026-09-11 17:00:00+00:00,-0.6738396167188665,0.004208597313379931,16
market_vol_regime,1,2026-09-11 18:00:00+00:00,0.1555568408146891,0.5248327503108531,19
market_vol_regime,1,2026-09-11 19:00:00+00:00,0.28042727360638964,0.311361213906148,15
market_vol_regime,1,2026-09-11 20:00:00+00:00,0.07053241320514003,0.7741668214838471,19
market_vol_regime,1,2026-09-11 21:00:00+00:00,-0.4591231230884043,0.055283458738758506,18
market_vol_regime,1,2026-09-11 22:00:00+00:00,-0.1925822216299108,0.4916787464889273,15
market_vol_regime,1,2026-09-11 23:00:00+00:00,0.009124148357522649,0.9763996933586863,13
market_vol_regime,1,2026-09-12 00:00:00+00:00,-0.3313843582666934,0.20991019359994562,16
market_vol_regime,1,2026-09-12 01:00:00+00:00,0.10161722417317286,0.6882613350068142,18
market_vol_regime,1,2026-09-12 02:00:00+00:00,-0.08694539907989669,0.7004335277130781,22
market_vol_regime,1,2026-09-12 03:00:00+00:00,-0.10195251752212124,0.6434434820003347,23
market_vol_regime,1,2026-09-12 04:00:00+00:00,-0.1953759201681571,0.4523612720377232,17
market_vol_regime,1,2026-09-12 05:00:00+00:00,0.033553079968086076,0.8948495921237426,18
market_vol_regime,1,2026-09-12 06:00:00+00:00,0.030208618669882628,0.8885631111675458,24
market_vol_regime,1,2026-09-12 07:00:00+00:00,-0.09039803399873451,0.6473322412155714,28
market_vol_regime,1,2026-09-12 08:00:00+00:00,0.09619886093353495,0.428241047466483,70
market_vol_regime,1,2026-09-12 09:00:00+00:00,0.06218096409248614,0.6144449115485519,68
market_vol_regime,1,2026-09-12 10:00:00+00:00,0.1296338529444065,0.28126588287247817,71
market_vol_regime,1,2026-09-12 11:00:00+00:00,0.04479963114638947,0.7126818458734839,70
market_vol_regime,1,2026-09-12 12:00:00+00:00,-0.05281718400384208,0.6736202987509806,66
market_vol_regime,1,2026-09-12 13:00:00+00:00,0.16180309076797295,0.18083007144235,70
market_vol_regime,1,2026-09-12 14:00:00+00:00,0.024150941220610612,0.8426914916806815,70
market_vol_regime,1,2026-09-12 15:00:00+00:00,0.0485824996116519,0.6917964973691145,69
market_vol_regime,1,2026-09-12 16:00:00+00:00,-0.13310531580561588,0.2792131854035953,68
market_vol_regime,1,2026-09-12 17:00:00+00:00,0.17919522243429548,0.13203362463789978,72
market_vol_regime,1,2026-09-12 18:00:00+00:00,-0.20892484070850728,0.07608347197926454,73
market_vol_regime,1,2026-09-12 19:00:00+00:00,0.05493351462768473,0.6613238772783673,66
market_vol_regime,1,2026-09-12 20:00:00+00:00,0.11539329678213377,0.3638834708603803,64
market_vol_regime,1,2026-09-12 21:00:00+00:00,0.20265773407590074,0.12371660369871655,59
market_vol_regime,1,2026-09-12 22:00:00+00:00,-0.006821237029752331,0.9591068352605906,59
market_vol_regime,1,2026-09-12 23:00:00+00:00,-0.009793309254085458,0.9392781226963615,63
market_vol_regime,1,2026-09-13 00:00:00+00:00,-0.0778668359374004,0.5408111458731159,64
market_vol_regime,1,2026-09-13 01:00:00+00:00,0.22766928840913866,0.06599176199408642,66
market_vol_regime,1,2026-09-13 02:00:00+00:00,0.1300762899076669,0.29410968371316376,67
market_vol_regime,1,2026-09-13 03:00:00+00:00,-0.000416319715516017,0.9973322039202175,67
market_vol_regime,1,2026-09-13 04:00:00+00:00,-0.05839005584520024,0.6362319088713196,68
market_vol_regime,1,2026-09-13 05:00:00+00:00,-0.004945741871721759,0.9673484377291042,71
market_vol_regime,1,2026-09-13 06:00:00+00:00,-0.0483812669152681,0.682285967292663,74
market_vol_regime,1,2026-09-13 07:00:00+00:00,-0.3786395446101395,0.0010393198845976023,72
market_vol_regime,1,2026-09-13 08:00:00+00:00,0.016249887158625853,0.8907019640862983,74
market_vol_regime,1,2026-09-13 09:00:00+00:00,-0.1003483115510473,0.39494562818739026,74
market_vol_regime,1,2026-09-13 10:00:00+00:00,0.1390977198252495,0.25794009611676194,68
market_vol_regime,1,2026-09-13 11:00:00+00:00,-0.0673005743139793,0.5770821494910056,71
market_vol_regime,1,2026-09-13 12:00:00+00:00,0.08522792542505656,0.46113329324173363,77
market_vol_regime,1,2026-09-13 13:00:00+00:00,0.0673992737432671,0.5499428816101785,81
market_vol_regime,1,2026-09-13 14:00:00+00:00,-0.2952082978541147,0.01066692477958641,74
market_vol_regime,1,2026-09-13 15:00:00+00:00,0.09910688025768742,0.4109097236456247,71
market_vol_regime,1,2026-09-13 16:00:00+00:00,-0.15660438156451267,0.18894785298583922,72
market_vol_regime,1,2026-09-13 17:00:00+00:00,-0.2773910198714444,0.01918006488530449,71
market_vol_regime,1,2026-09-13 18:00:00+00:00,0.2664743386617108,0.022676884441689332,73
market_vol_regime,1,2026-09-13 19:00:00+00:00,0.07975307704511891,0.5244162326277644,66
market_vol_regime,1,2026-09-13 20:00:00+00:00,-0.05585129768380843,0.6534966346712756,67
market_vol_regime,1,2026-09-13 21:00:00+00:00,-0.15594704163817524,0.2076023443151761,67
market_vol_regime,1,2026-09-13 22:00:00+00:00,-0.0603233177376324,0.6250811544802096,68
market_vol_regime,1,2026-09-13 23:00:00+00:00,0.19218115478361397,0.12510702681715605,65
market_vol_regime,1,2026-09-14 00:00:00+00:00,0.10713346632903792,0.3809294298280805,69
market_vol_regime,1,2026-09-14 01:00:00+00:00,0.24301225249634245,0.047532968190102796,67
market_vol_regime,1,2026-09-14 02:00:00+00:00,0.01633489401900701,0.895617603039401,67
market_vol_regime,1,2026-09-14 03:00:00+00:00,0.13724700237749202,0.2607742241012161,69
market_vol_regime,1,2026-09-14 04:00:00+00:00,0.044098883437889175,0.7149875582146353,71
market_vol_regime,1,2026-09-14 05:00:00+00:00,0.06233442334543092,0.6029419803384561,72
market_vol_regime,1,2026-09-14 06:00:00+00:00,0.0808432161328373,0.49351936721843387,74
market_vol_regime,1,2026-09-14 07:00:00+00:00,-0.10126773961794376,0.3906069629322981,74
market_vol_regime,1,2026-09-14 08:00:00+00:00,-0.19920902305349897,0.09826807321332097,70
market_vol_regime,1,2026-09-14 09:00:00+00:00,0.019848329979402602,0.8685603990307831,72
market_vol_regime,1,2026-09-14 10:00:00+00:00,-0.02694022064744859,0.81609141835286,77
market_vol_regime,1,2026-09-14 11:00:00+00:00,0.04888061135959441,0.6770752031576944,75
market_vol_regime,1,2026-09-14 12:00:00+00:00,0.03971223642607232,0.7299420323222618,78
market_vol_regime,1,2026-09-14 13:00:00+00:00,0.15838757543832793,0.17471047458512953,75
market_vol_regime,1,2026-09-14 14:00:00+00:00,0.03601480876581171,0.7639141171449894,72
market_vol_regime,1,2026-09-14 15:00:00+00:00,0.002071299363254544,0.9863222961233089,71
market_vol_regime,1,2026-09-14 16:00:00+00:00,-0.22193159266543386,0.04933119781296206,79
market_vol_regime,1,2026-09-14 17:00:00+00:00,0.18426637130070692,0.10402553613274684,79
market_vol_regime,1,2026-09-14 18:00:00+00:00,0.08423277723914586,0.4755170961973204,74
market_vol_regime,1,2026-09-14 19:00:00+00:00,-0.004796419970100923,0.9667560753621665,78
market_vol_regime,1,2026-09-14 20:00:00+00:00,0.14904199177985902,0.20502216442307883,74
market_vol_regime,1,2026-09-14 21:00:00+00:00,-0.015221049195691522,0.8990181184122612,72
market_vol_regime,1,2026-09-14 22:00:00+00:00,0.18853122376232864,0.10057817149244226,77
market_vol_regime,1,2026-09-14 23:00:00+00:00,0.09195326040221302,0.4295160141484959,76
market_vol_regime,1,2026-09-15 00:00:00+00:00,-0.24528429178641092,0.03517077444972189,74
market_vol_regime,1,2026-09-15 01:00:00+00:00,0.04889871761043491,0.6876912143376032,70
market_vol_regime,1,2026-09-15 02:00:00+00:00,-0.022549699931032268,0.8498079981771762,73
market_vol_regime,1,2026-09-15 03:00:00+00:00,0.09030941055456872,0.428644898607585,79
market_vol_regime,1,2026-09-15 04:00:00+00:00,0.3309524347475952,0.0034988739095498326,76
market_vol_regime,1,2026-09-15 05:00:00+00:00,0.1026623570944871,0.3775109938831838,76
market_vol_regime,1,2026-09-15 06:00:00+00:00,0.3322084200106431,0.003592689310647764,75
market_vol_regime,1,2026-09-15 07:00:00+00:00,0.21120101338653333,0.06703921599687106,76
market_vol_regime,1,2026-09-15 08:00:00+00:00,0.06903105155857796,0.5673053997727159,71
market_vol_regime,1,2026-09-15 09:00:00+00:00,0.36682780481244737,0.0013057904284364645,74
market_vol_regime,1,2026-09-15 10:00:00+00:00,0.0777174119422455,0.4932032962582589,80
market_vol_regime,1,2026-09-15 11:00:00+00:00,0.08655064893695101,0.4511681805178914,78
market_vol_regime,1,2026-09-15 12:00:00+00:00,0.13248620502054223,0.24445120486412622,79
market_vol_regime,1,2026-09-15 13:00:00+00:00,-0.1767987787340789,0.10552293150853237,85
market_vol_regime,1,2026-09-15 14:00:00+00:00,0.257015975583598,0.020544776435495366,81
market_vol_regime,1,2026-09-15 15:00:00+00:00,-0.03840527931796845,0.728708497139162,84
market_vol_regime,1,2026-09-15 16:00:00+00:00,-0.03061533144231191,0.7821989521303283,84
market_vol_regime,1,2026-09-15 17:00:00+00:00,-0.027820876835557402,0.8004637645138828,85
market_vol_regime,1,2026-09-15 18:00:00+00:00,0.15855754486615872,0.14723425832793527,85
market_vol_regime,1,2026-09-15 19:00:00+00:00,0.19779414845824725,0.06471255265258649,88
market_vol_regime,1,2026-09-15 20:00:00+00:00,0.11828604330479814,0.2898718042096327,82
market_vol_regime,1,2026-09-15 21:00:00+00:00,0.07686769485959938,0.4924626747488667,82
market_vol_regime,1,2026-09-15 22:00:00+00:00,0.13199624014297168,0.24315211533307357,80
market_vol_regime,1,2026-09-15 23:00:00+00:00,0.023144034662124547,0.8416424529806663,77
market_vol_regime,1,2026-09-16 00:00:00+00:00,-0.07314172898584334,0.5272785047092462,77
market_vol_regime,1,2026-09-16 01:00:00+00:00,0.2435993303627674,0.02647426958821218,83
market_vol_regime,1,2026-09-16 02:00:00+00:00,0.23721561552997794,0.039086582319356855,76
market_vol_regime,1,2026-09-16 03:00:00+00:00,0.03158585266228203,0.7922500726069196,72
market_vol_regime,1,2026-09-16 04:00:00+00:00,0.088325391587721,0.4449448376708178,77
market_vol_regime,1,2026-09-16 05:00:00+00:00,0.21831392357725235,0.061672419869305696,74
market_vol_regime,1,2026-09-16 06:00:00+00:00,0.20257560683881215,0.09260019518467408,70
momentum_1h,4,2026-09-09 16:00:00+00:00,0.8285714285714287,0.04156268221574335,6
momentum_1h,4,2026-09-09 17:00:00+00:00,-0.49999999999999994,0.3910022189557703,5
momentum_1h,4,2026-09-09 18:00:00+00:00,0.19999999999999998,0.7470600781046621,5
momentum_1h,4,2026-09-09 20:00:00+00:00,-0.4285714285714286,0.3965014577259473,6
momentum_1h,4,2026-09-10 11:00:00+00:00,0.7,0.1881204043741873,5
momentum_1h,4,2026-09-10 13:00:00+00:00,-0.9285714285714288,0.002519472403794688,7
momentum_1h,4,2026-09-10 14:00:00+00:00,0.3142857142857143,0.5440932944606415,6
momentum_1h,4,2026-09-11 02:00:00+00:00,0.19999999999999998,0.7470600781046621,5
momentum_1h,4,2026-09-11 05:00:00+00:00,0.19999999999999998,0.7470600781046621,5
momentum_1h,4,2026-09-11 07:00:00+00:00,0.3214285714285715,0.4820720382996776,7
momentum_1h,4,2026-09-11 08:00:00+00:00,-0.48571428571428577,0.3287230320699708,6
momentum_1h,4,2026-09-11 09:00:00+00:00,-0.38095238095238104,0.3518125531175649,8
momentum_1h,4,2026-09-11 10:00:00+00:00,-0.14285714285714288,0.7599453002180928,7
momentum_1h,4,2026-09-11 11:00:00+00:00,-0.6666666666666667,0.049867230568885125,9
momentum_1h,4,2026-09-11 12:00:00+00:00,0.16363636363636364,0.6514773427962428,10
momentum_1h,4,2026-09-11 13:00:00+00:00,0.4666666666666666,0.17393859716506654,10
momentum_1h,4,2026-09-11 14:00:00+00:00,-0.6,0.023308410879999995,14
momentum_1h,4,2026-09-11 15:00:00+00:00,-0.4725274725274725,0.10298105029992853,13
momentum_1h,4,2026-09-11 16:00:00+00:00,0.6181818181818182,0.04264556980532673,11
momentum_1h,4,2026-09-11 17:00:00+00:00,-0.08391608391608392,0.7954145018538978,12
momentum_1h,4,2026-09-11 18:00:00+00:00,-0.11188811188811189,0.729194990751066,12
momentum_1h,4,2026-09-11 19:00:00+00:00,0.21978021978021978,0.4706148514721426,13
momentum_1h,4,2026-09-11 20:00:00+00:00,0.14285714285714288,0.7871720116618076,6
momentum_1h,4,2026-09-11 21:00:00+00:00,-0.4424242424242424,0.20042268671194216,10
momentum_1h,4,2026-09-11 22:00:00+00:00,-0.1272727272727273,0.709214625773305,11
momentum_1h,4,2026-09-11 23:00:00+00:00,0.7166666666666667,0.02981803569584528,9
momentum_1h,4,2026-09-12 00:00:00+00:00,-0.3454545454545455,0.29808922090303847,11
momentum_1h,4,2026-09-12 01:00:00+00:00,0.1043956043956044,0.7343037452877025,13
momentum_1h,4,2026-09-12 02:00:00+00:00,0.0945054945054945,0.7479382611415479,14
momentum_1h,4,2026-09-12 03:00:00+00:00,-0.27017543859649124,0.26327626992868575,19
momentum_1h,4,2026-09-12 04:00:00+00:00,0.4264705882352941,0.09949911193753977,16
momentum_1h,4,2026-09-12 05:00:00+00:00,0.0857142857142857,0.7707850311186758,14
momentum_1h,4,2026-09-12 06:00:00+00:00,-0.807142857142857,0.0002752442706954195,15
momentum_1h,4,2026-09-12 07:00:00+00:00,0.29172932330827067,0.21202623258054826,20
momentum_1h,4,2026-09-12 08:00:00+00:00,-0.06154714850367025,0.7855539651272332,22
momentum_1h,4,2026-09-12 09:00:00+00:00,-0.16642309097552066,0.17171581905889247,69
momentum_1h,4,2026-09-12 10:00:00+00:00,0.03873847926267281,0.7630842628237069,63
momentum_1h,4,2026-09-12 11:00:00+00:00,0.009085009733939,0.9413848059558494,68
momentum_1h,4,2026-09-12 12:00:00+00:00,0.0027361751152073736,0.9830200236623468,63
momentum_1h,4,2026-09-12 13:00:00+00:00,0.35730653974969157,0.004358967651163508,62
momentum_1h,4,2026-09-12 14:00:00+00:00,-0.09627056533190823,0.43482267469301883,68
momentum_1h,4,2026-09-12 15:00:00+00:00,-0.41659534495355394,0.0005025647859850016,66
momentum_1h,4,2026-09-12 16:00:00+00:00,-0.13594470046082952,0.2880715833258229,63
momentum_1h,4,2026-09-12 17:00:00+00:00,0.006169575180680415,0.9620421422008584,62
momentum_1h,4,2026-09-12 18:00:00+00:00,-0.1181788421344212,0.36028875385183406,62
momentum_1h,4,2026-09-12 19:00:00+00:00,-0.3463775780010576,0.005819026196070581,62
momentum_1h,4,2026-09-12 20:00:00+00:00,-0.15675757346830851,0.22370701819158348,62
momentum_1h,4,2026-09-12 21:00:00+00:00,0.13761929943844275,0.2861308476518099,62
momentum_1h,4,2026-09-12 22:00:00+00:00,-0.04647983595352016,0.7337343567153859,56
momentum_1h,4,2026-09-12 23:00:00+00:00,-0.261148561057817,0.04974578110216717,57
momentum_1h,4,2026-09-13 00:00:00+00:00,-0.028699744686086933,0.8306587810885739,58
momentum_1h,4,2026-09-13 01:00:00+00:00,-0.27931034482758627,0.03216469956588042,59
momentum_1h,4,2026-09-13 02:00:00+00:00,0.06456413210445469,0.6151576782000894,63
momentum_1h,4,2026-09-13 03:00:00+00:00,-0.35061443932411673,0.004844173118376344,63
momentum_1h,4,2026-09-13 04:00:00+00:00,-0.05266608391608391,0.6769284658900133,65
momentum_1h,4,2026-09-13 05:00:00+00:00,-0.19440559440559443,0.11778323903159861,66
momentum_1h,4,2026-09-13 06:00:00+00:00,0.3811956261473382,0.0014596249301744516,67
momentum_1h,4,2026-09-13 07:00:00+00:00,-0.017680826636050518,0.8879440322157931,66
momentum_1h,4,2026-09-13 08:00:00+00:00,0.013728150690398276,0.9122029938513921,67
momentum_1h,4,2026-09-13 09:00:00+00:00,-0.08199195171026157,0.4966568956393888,71
momentum_1h,4,2026-09-13 10:00:00+00:00,-0.04909456740442655,0.6843159593230026,71
momentum_1h,4,2026-09-13 11:00:00+00:00,0.02557144348189125,0.8385040108031682,66
momentum_1h,4,2026-09-13 12:00:00+00:00,-0.18740842490842485,0.1381031940099782,64
momentum_1h,4,2026-09-13 13:00:00+00:00,-0.08739392879013211,0.4718928599098756,70
momentum_1h,4,2026-09-13 14:00:00+00:00,0.08739495798319329,0.47518845373394625,69
momentum_1h,4,2026-09-13 15:00:00+00:00,-0.09633649932157397,0.438035503601242,67
momentum_1h,4,2026-09-13 16:00:00+00:00,0.22172202797202797,0.07588779211454179,65
momentum_1h,4,2026-09-13 17:00:00+00:00,0.08034651915248932,0.5213247782497844,66
momentum_1h,4,2026-09-13 18:00:00+00:00,0.0960442542532095,0.4430013458951893,66
momentum_1h,4,2026-09-13 19:00:00+00:00,0.07958916083916084,0.5285514198866429,65
momentum_1h,4,2026-09-13 20:00:00+00:00,-0.12488038277511963,0.35912245918100105,56
momentum_1h,4,2026-09-13 21:00:00+00:00,-0.09639016897081412,0.4523487341521044,63
momentum_1h,4,2026-09-13 22:00:00+00:00,-0.2740877842411422,0.03255516601453126,61
momentum_1h,4,2026-09-13 23:00:00+00:00,-0.0904283447911158,0.4845664342960208,62
momentum_1h,4,2026-09-14 00:00:00+00:00,0.04573492636843568,0.7285983602084625,60
momentum_1h,4,2026-09-14 01:00:00+00:00,-0.01577797202797203,0.9007249626977658,65
momentum_1h,4,2026-09-14 02:00:00+00:00,0.19453048273778045,0.1297529747289449,62
momentum_1h,4,2026-09-14 03:00:00+00:00,-0.16949300699300698,0.17708950094989298,65
momentum_1h,4,2026-09-14 04:00:00+00:00,-0.008996973176077654,0.9428433280851951,66
momentum_1h,4,2026-09-14 05:00:00+00:00,-0.10641025641025639,0.402657918105841,64
momentum_1h,4,2026-09-14 06:00:00+00:00,-0.27894322456477993,0.01936618224607041,70
momentum_1h,4,2026-09-14 07:00:00+00:00,-0.21396203306797307,0.07531172987264637,70
momentum_1h,4,2026-09-14 08:00:00+00:00,0.15335345405767936,0.20166909041652406,71
momentum_1h,4,2026-09-14 09:00:00+00:00,0.004311289733284619,0.9719536217149706,69
momentum_1h,4,2026-09-14 10:00:00+00:00,-0.22136642988267224,0.07181806296156264,67
momentum_1h,4,2026-09-14 11:00:00+00:00,-0.1891173125710786,0.11688933142092382,70
momentum_1h,4,2026-09-14 12:00:00+00:00,0.09762513701132629,0.4248534938145606,69
momentum_1h,4,2026-09-14 13:00:00+00:00,-0.2604836415362731,0.02400290779554533,75
momentum_1h,4,2026-09-14 14:00:00+00:00,-0.08611486269213454,0.4719819094141858,72
momentum_1h,4,2026-09-14 15:00:00+00:00,0.011627178791357896,0.9261753119587784,66
momentum_1h,4,2026-09-14 16:00:00+00:00,-0.07638033608182863,0.5421584397823374,66
momentum_1h,4,2026-09-14 17:00:00+00:00,-0.1592254293021557,0.19127459133297925,69
momentum_1h,4,2026-09-14 18:00:00+00:00,0.012247315808959642,0.9175140830183071,74
momentum_1h,4,2026-09-14 19:00:00+00:00,0.06737818213629604,0.5794375593598864,70
momentum_1h,4,2026-09-14 20:00:00+00:00,-0.3270369017172086,0.006091702165565343,69
momentum_1h,4,2026-09-14 21:00:00+00:00,0.20563423292743443,0.092511431012554,68
momentum_1h,4,2026-09-14 22:00:00+00:00,0.0803113553113553,0.5281398300981512,64
momentum_1h,4,2026-09-14 23:00:00+00:00,0.067102615694165,0.578205494707545,71
momentum_1h,4,2026-09-15 00:00:00+00:00,0.08812877263581488,0.4648835591357347,71
momentum_1h,4,2026-09-15 01:00:00+00:00,0.08089148702959445,0.5087766646315786,69
momentum_1h,4,2026-09-15 02:00:00+00:00,0.05842490842490842,0.64653632669719,64
momentum_1h,4,2026-09-15 03:00:00+00:00,0.1007263149493176,0.41734834819842476,67
momentum_1h,4,2026-09-15 04:00:00+00:00,0.10765965656955434,0.36803800802824377,72
momentum_1h,4,2026-09-15 05:00:00+00:00,0.09476493665187474,0.4284665885859683,72
momentum_1h,4,2026-09-15 06:00:00+00:00,0.13051643192488263,0.2779752575884866,71
momentum_1h,4,2026-09-15 07:00:00+00:00,-0.0553407400927303,0.6490905742039437,70
momentum_1h,4,2026-09-15 08:00:00+00:00,0.0838946723821188,0.48988389276012534,70
momentum_1h,4,2026-09-15 09:00:00+00:00,-0.14229726183186073,0.23995521688996238,70
momentum_1h,4,2026-09-15 10:00:00+00:00,-0.02020820575627679,0.8681202742129814,70
momentum_1h,4,2026-09-15 11:00:00+00:00,-0.158434626020966,0.1837664432576786,72
momentum_1h,4,2026-09-15 12:00:00+00:00,0.0830278474499968,0.48806909269746146,72
momentum_1h,4,2026-09-15 13:00:00+00:00,0.03581681476418319,0.7587159319162438,76
momentum_1h,4,2026-09-15 14:00:00+00:00,0.12142161635832523,0.2864385528564285,79
momentum_1h,4,2026-09-15 15:00:00+00:00,-0.04350912245649087,0.7071218748485653,77
momentum_1h,4,2026-09-15 16:00:00+00:00,0.26124634858812074,0.02004309575886783,79
momentum_1h,4,2026-09-15 17:00:00+00:00,0.01927546138072454,0.8687315184417197,76
momentum_1h,4,2026-09-15 18:00:00+00:00,0.036664388243335615,0.7531860281300701,76
momentum_1h,4,2026-09-15 19:00:00+00:00,-0.16717493033282504,0.14616588672914138,77
momentum_1h,4,2026-09-15 20:00:00+00:00,0.03428150796571848,0.7672409929706221,77
momentum_1h,4,2026-09-15 21:00:00+00:00,0.3693148956306851,0.0009484059327497184,77
momentum_1h,4,2026-09-15 22:00:00+00:00,0.059494190020505815,0.6096906676484029,76
momentum_1h,4,2026-09-15 23:00:00+00:00,-0.18161864474419348,0.14131823302342453,67
momentum_1h,4,2026-09-16 00:00:00+00:00,0.17536523488758637,0.1464816501242376,70
momentum_1h,4,2026-09-16 01:00:00+00:00,-0.07884751430960192,0.5103066833506495,72
momentum_1h,4,2026-09-16 02:00:00+00:00,-0.006442058496853016,0.95655769884724,74
momentum_1h,4,2026-09-16 03:00:00+00:00,0.11604216678843546,0.3534810820079186,66
momentum_4h,4,2026-09-09 08:00:00+00:00,-0.3,0.623837664781073,5
momentum_4h,4,2026-09-09 13:00:00+00:00,-0.6,0.28475697986529386,5
momentum_4h,4,2026-09-09 20:00:00+00:00,-0.7142857142857144,0.07134356146753763,7
momentum_4h,4,2026-09-10 11:00:00+00:00,0.8285714285714287,0.04156268221574335,6
momentum_4h,4,2026-09-11 05:00:00+00:00,0.3,0.623837664781073,5
momentum_4h,4,2026-09-11 08:00:00+00:00,-0.14285714285714288,0.7871720116618076,6
momentum_4h,4,2026-09-11 09:00:00+00:00,-0.3714285714285715,0.4684781341107872,6
momentum_4h,4,2026-09-11 10:00:00+00:00,0.39999999999999997,0.5046315754686912,5
momentum_4h,4,2026-09-11 11:00:00+00:00,-0.4642857142857144,0.29393410760025185,7
momentum_4h,4,2026-09-11 12:00:00+00:00,0.1785714285714286,0.7016579425162728,7
momentum_4h,4,2026-09-11 13:00:00+00:00,-0.30952380952380953,0.4556448907375821,8
momentum_4h,4,2026-09-11 14:00:00+00:00,-0.642857142857143,0.11939237342741099,7
momentum_4h,4,2026-09-11 15:00:00+00:00,-0.6818181818181819,0.02084285361094508,11
momentum_4h,4,2026-09-11 16:00:00+00:00,-0.45,0.22421610749233675,9
momentum_4h,4,2026-09-11 17:00:00+00:00,-0.16783216783216784,0.6020994277865379,12
momentum_4h,4,2026-09-11 18:00:00+00:00,-0.05454545454545454,0.8810361811618524,10
momentum_4h,4,2026-09-11 19:00:00+00:00,0.44175824175824174,0.11377750302872344,14
momentum_4h,4,2026-09-11 20:00:00+00:00,0.7999999999999999,0.10408803866182788,5
momentum_4h,4,2026-09-11 21:00:00+00:00,-0.18333333333333335,0.6368198117628943,9
momentum_4h,4,2026-09-11 22:00:00+00:00,-0.2606060606060606,0.46708905438634013,10
momentum_4h,4,2026-09-11 23:00:00+00:00,0.6363636363636362,0.04791172612997546,10
momentum_4h,4,2026-09-12 00:00:00+00:00,-0.08571428571428573,0.8717434402332361,6
momentum_4h,4,2026-09-12 01:00:00+00:00,-0.3142857142857143,0.5440932944606415,6
momentum_4h,4,2026-09-12 02:00:00+00:00,-0.22424242424242422,0.5334005612725946,10
momentum_4h,4,2026-09-12 03:00:00+00:00,-0.19780219780219782,0.51713091148483,13
momentum_4h,4,2026-09-12 04:00:00+00:00,0.07692307692307691,0.8027630076692551,13
momentum_4h,4,2026-09-12 05:00:00+00:00,0.28181818181818186,0.4011448979604784,11
momentum_4h,4,2026-09-12 06:00:00+00:00,-0.5067079463364293,0.031873132260511444,18
momentum_4h,4,2026-09-12 07:00:00+00:00,0.17892156862745098,0.4920209629048917,17
momentum_4h,4,2026-09-12 08:00:00+00:00,0.2071428571428571,0.45884280496347013,15
momentum_4h,4,2026-09-12 09:00:00+00:00,-0.06914344685242517,0.785147870866694,18
momentum_4h,4,2026-09-12 10:00:00+00:00,0.28721804511278193,0.2195043134627025,20
momentum_4h,4,2026-09-12 11:00:00+00:00,0.3008695652173913,0.15311364746090092,24
momentum_4h,4,2026-09-12 12:00:00+00:00,0.22636045428218882,0.07687169048712934,62
momentum_4h,4,2026-09-12 13:00:00+00:00,0.08360296419997915,0.5045253449501381,66
momentum_4h,4,2026-09-12 14:00:00+00:00,-0.2168568920105356,0.07795328608775647,67
momentum_4h,4,2026-09-12 15:00:00+00:00,-0.1703630186662595,0.16483848559519126,68
momentum_4h,4,2026-09-12 16:00:00+00:00,-0.17793831619894418,0.1737688289545332,60
momentum_4h,4,2026-09-12 17:00:00+00:00,0.047165772707813955,0.7158368444639589,62
momentum_4h,4,2026-09-12 18:00:00+00:00,-0.12036676854681858,0.3596246742281279,60
momentum_4h,4,2026-09-12 19:00:00+00:00,0.0912341668555312,0.4806660712156401,62
momentum_4h,4,2026-09-12 20:00:00+00:00,-0.3030391583869083,0.019646242475568614,59
momentum_4h,4,2026-09-12 21:00:00+00:00,-0.03477625846742716,0.7884399276394469,62
momentum_4h,4,2026-09-12 22:00:00+00:00,-0.03466732289519826,0.7961377701555238,58
momentum_4h,4,2026-09-12 23:00:00+00:00,-0.0250146113383986,0.8508302589673434,59
momentum_4h,4,2026-09-13 00:00:00+00:00,0.07810144882955489,0.5600642483748085,58
momentum_4h,4,2026-09-13 01:00:00+00:00,0.1208355367530407,0.35359613244436816,61
momentum_4h,4,2026-09-13 02:00:00+00:00,0.09908025469869884,0.45931803975346575,58
momentum_4h,4,2026-09-13 03:00:00+00:00,-0.10089899524061342,0.4390958350362277,61
momentum_4h,4,2026-09-13 04:00:00+00:00,-0.11739820200951877,0.36755552865689484,61
momentum_4h,4,2026-09-13 05:00:00+00:00,-0.2173992673992674,0.08441563068740139,64
momentum_4h,4,2026-09-13 06:00:00+00:00,0.05022893772893772,0.6934624043174705,64
momentum_4h,4,2026-09-13 07:00:00+00:00,0.13033216783216783,0.30075997914362024,65
momentum_4h,4,2026-09-13 08:00:00+00:00,0.07728494623655914,0.5471422654432287,63
momentum_4h,4,2026-09-13 09:00:00+00:00,0.05179982440737489,0.6748399399999749,68
momentum_4h,4,2026-09-13 10:00:00+00:00,0.027548410668615273,0.8222154970757053,69
momentum_4h,4,2026-09-13 11:00:00+00:00,0.11564685314685313,0.35895052115277654,65
momentum_4h,4,2026-09-13 12:00:00+00:00,-0.21127230977977252,0.08859232635791385,66
momentum_4h,4,2026-09-13 13:00:00+00:00,-0.13543871927215467,0.26360175053402185,70
momentum_4h,4,2026-09-13 14:00:00+00:00,-0.12702530130098175,0.3056763378967153,67
momentum_4h,4,2026-09-13 15:00:00+00:00,-0.054982517482517486,0.6635541397544251,65
momentum_4h,4,2026-09-13 16:00:00+00:00,0.175,0.16663218590614937,64
momentum_4h,4,2026-09-13 17:00:00+00:00,-0.014056776556776554,0.9122164726107848,64
momentum_4h,4,2026-09-13 18:00:00+00:00,-0.12060020751855696,0.3309848341126041,67
momentum_4h,4,2026-09-13 19:00:00+00:00,-0.1728212086421042,0.16524472709299243,66
momentum_4h,4,2026-09-13 20:00:00+00:00,0.11379310344827588,0.3908084436374477,59
momentum_4h,4,2026-09-13 21:00:00+00:00,-0.014507880179521974,0.9079563547580685,66
momentum_4h,4,2026-09-13 22:00:00+00:00,-0.23104429503160337,0.07080081694673034,62
momentum_4h,4,2026-09-13 23:00:00+00:00,-0.25713278436705195,0.04364092215246198,62
momentum_4h,4,2026-09-14 00:00:00+00:00,-0.14465225014611338,0.2743573065950823,59
momentum_4h,4,2026-09-14 01:00:00+00:00,-0.24789377289377287,0.048267122315142866,64
momentum_4h,4,2026-09-14 02:00:00+00:00,0.14426229508196722,0.2714590081407349,60
momentum_4h,4,2026-09-14 03:00:00+00:00,-0.0934981684981685,0.46242771296807156,64
momentum_4h,4,2026-09-14 04:00:00+00:00,-0.22845234787440963,0.07914681786326666,60
momentum_4h,4,2026-09-14 05:00:00+00:00,-0.1128205128205128,0.3747485246595095,64
momentum_4h,4,2026-09-14 06:00:00+00:00,0.09375,0.4648839167044861,63
momentum_4h,4,2026-09-14 07:00:00+00:00,-0.19031416344849184,0.12586706141806003,66
momentum_4h,4,2026-09-14 08:00:00+00:00,-0.018742604114974994,0.8794209338359169,68
momentum_4h,4,2026-09-14 09:00:00+00:00,0.12551925686254045,0.31527339575047053,66
momentum_4h,4,2026-09-14 10:00:00+00:00,0.1296713364125663,0.29191487001069816,68
momentum_4h,4,2026-09-14 11:00:00+00:00,-0.14124954329557912,0.24699176612821436,69
momentum_4h,4,2026-09-14 12:00:00+00:00,-0.2309684192109177,0.05438915193573259,70
momentum_4h,4,2026-09-14 13:00:00+00:00,-0.3116029510395707,0.008163842017904233,71
momentum_4h,4,2026-09-14 14:00:00+00:00,-0.18183885924241097,0.13192071222021703,70
momentum_4h,4,2026-09-14 15:00:00+00:00,0.13576007326007325,0.28478300682884916,64
momentum_4h,4,2026-09-14 16:00:00+00:00,0.03417023882424984,0.7788460764064706,70
momentum_4h,4,2026-09-14 17:00:00+00:00,-0.5068847869827662,7.546095499049416e-06,70
momentum_4h,4,2026-09-14 18:00:00+00:00,-0.3645962732919255,0.0020699894569320746,69
momentum_4h,4,2026-09-14 19:00:00+00:00,-0.43159562211981567,0.00041282924500681304,63
momentum_4h,4,2026-09-14 20:00:00+00:00,-0.30736343856166737,0.010783513397899186,68
momentum_4h,4,2026-09-14 21:00:00+00:00,-0.04989120891705156,0.686185001770214,68
momentum_4h,4,2026-09-14 22:00:00+00:00,-0.01236782837729511,0.9202643903266877,68
momentum_4h,4,2026-09-14 23:00:00+00:00,0.11107051516258679,0.3635711671127641,69
momentum_4h,4,2026-09-15 00:00:00+00:00,0.22617443793193945,0.059738979277829285,70
momentum_4h,4,2026-09-15 01:00:00+00:00,0.23347902097902098,0.06123361740229454,65
momentum_4h,4,2026-09-15 02:00:00+00:00,0.1193836405529954,0.35136662100719723,63
momentum_4h,4,2026-09-15 03:00:00+00:00,0.019315895372233396,0.8729720250914083,71
momentum_4h,4,2026-09-15 04:00:00+00:00,-0.06207526488856412,0.6123618866378239,69
momentum_4h,4,2026-09-15 05:00:00+00:00,0.12431108389467238,0.3052132532585239,70
momentum_4h,4,2026-09-15 06:00:00+00:00,0.11416083916083918,0.3652002236544213,65
momentum_4h,4,2026-09-15 07:00:00+00:00,0.21797482413920777,0.06394293074286087,73
momentum_4h,4,2026-09-15 08:00:00+00:00,-0.08158567774936062,0.505134373041081,69
momentum_4h,4,2026-09-15 09:00:00+00:00,-0.04281340215204269,0.7249024854673044,70
momentum_4h,4,2026-09-15 10:00:00+00:00,-0.05576794097920857,0.6441330207128767,71
momentum_4h,4,2026-09-15 11:00:00+00:00,0.13486397839089334,0.2586869236379305,72
momentum_4h,4,2026-09-15 12:00:00+00:00,-0.14557206251205868,0.22242185420902286,72
momentum_4h,4,2026-09-15 13:00:00+00:00,-0.13343823275330127,0.26039385565596546,73
momentum_4h,4,2026-09-15 14:00:00+00:00,0.10240651610514621,0.3852727059431087,74
momentum_4h,4,2026-09-15 15:00:00+00:00,0.32757733616309737,0.004971283280105445,72
momentum_4h,4,2026-09-15 16:00:00+00:00,0.3304716336295283,0.0035497076906668974,76
momentum_4h,4,2026-09-15 17:00:00+00:00,0.22550922761449077,0.050151283126090795,76
momentum_4h,4,2026-09-15 18:00:00+00:00,-0.08010366530914476,0.4974941107023818,74
momentum_4h,4,2026-09-15 19:00:00+00:00,0.1376959150931754,0.245352382085586,73
momentum_4h,4,2026-09-15 20:00:00+00:00,0.24574001947419666,0.029038530842934084,79
momentum_4h,4,2026-09-15 21:00:00+00:00,0.4330503569361374,0.00014501181879397724,72
momentum_4h,4,2026-09-15 22:00:00+00:00,0.05420831790694804,0.6487515395055482,73
momentum_4h,4,2026-09-15 23:00:00+00:00,0.18720568281586722,0.12927844875723948,67
momentum_4h,4,2026-09-16 00:00:00+00:00,0.08138960878686907,0.49364198439190515,73
momentum_4h,4,2026-09-16 01:00:00+00:00,-0.12550646343816324,0.29349752452953204,72
momentum_4h,4,2026-09-16 02:00:00+00:00,-0.1926841910403554,0.10001815446415678,74
momentum_4h,4,2026-09-16 03:00:00+00:00,-0.015285437284379644,0.9061349290597637,62
momentum_24h,4,2026-09-07 11:00:00+00:00,-0.48571428571428577,0.3287230320699708,6
momentum_24h,4,2026-09-09 15:00:00+00:00,0.3,0.623837664781073,5
momentum_24h,4,2026-09-11 11:00:00+00:00,-0.6,0.28475697986529386,5
momentum_24h,4,2026-09-11 12:00:00+00:00,0.4285714285714286,0.2894032248467902,8
momentum_24h,4,2026-09-11 13:00:00+00:00,-0.08571428571428573,0.8717434402332361,6
momentum_24h,4,2026-09-11 14:00:00+00:00,0.7714285714285715,0.07239650145772594,6
momentum_24h,4,2026-09-11 17:00:00+00:00,0.2,0.7040000000000001,6
momentum_24h,4,2026-09-12 03:00:00+00:00,0.3,0.623837664781073,5
momentum_24h,4,2026-09-12 09:00:00+00:00,-0.07142857142857144,0.8665262706759087,8
momentum_24h,4,2026-09-12 10:00:00+00:00,0.5714285714285715,0.18020198891152753,7
momentum_24h,4,2026-09-12 11:00:00+00:00,0.43333333333333335,0.24395243588005172,9
momentum_24h,4,2026-09-12 13:00:00+00:00,0.3142857142857143,0.5440932944606415,6
momentum_24h,4,2026-09-12 14:00:00+00:00,0.0,1.0,9
momentum_24h,4,2026-09-12 15:00:00+00:00,-0.13636363636363638,0.689309020586362,11
momentum_24h,4,2026-09-12 16:00:00+00:00,0.5000000000000001,0.20703124999999997,8
momentum_24h,4,2026-09-12 17:00:00+00:00,0.08333333333333334,0.831214097710308,9
momentum_24h,4,2026-09-12 18:00:00+00:00,0.4285714285714286,0.3965014577259473,6
momentum_24h,4,2026-09-12 19:00:00+00:00,0.39285714285714296,0.3833168704269725,7
momentum_24h,4,2026-09-12 20:00:00+00:00,0.642857142857143,0.11939237342741099,7
momentum_24h,4,2026-09-12 21:00:00+00:00,-0.09090909090909088,0.8027717312071619,10
momentum_24h,4,2026-09-12 22:00:00+00:00,0.8999999999999998,0.03738607346849874,5
momentum_24h,4,2026-09-12 23:00:00+00:00,0.35,0.35581957250178897,9
momentum_24h,4,2026-09-13 00:00:00+00:00,0.38333333333333336,0.3084952723803716,9
momentum_24h,4,2026-09-13 01:00:00+00:00,-0.13636363636363638,0.689309020586362,11
momentum_24h,4,2026-09-13 02:00:00+00:00,-0.30882352941176466,0.24449869579851782,16
momentum_24h,4,2026-09-13 03:00:00+00:00,-0.7279411764705883,0.0009236465346141361,17
momentum_24h,4,2026-09-13 04:00:00+00:00,-0.7087719298245614,0.0006810286499007203,19
momentum_24h,4,2026-09-13 05:00:00+00:00,-0.28186274509803927,0.2730598973799547,17
momentum_24h,4,2026-09-13 06:00:00+00:00,-0.3201581027667984,0.13640197751758237,23
momentum_24h,4,2026-09-13 07:00:00+00:00,-0.05324675324675325,0.8186916800528405,21
momentum_24h,4,2026-09-13 08:00:00+00:00,-0.03146853146853147,0.8034796974484394,65
momentum_24h,4,2026-09-13 09:00:00+00:00,0.11888929484837414,0.33056157032593286,69
momentum_24h,4,2026-09-13 10:00:00+00:00,0.18205762630696787,0.14034282620514715,67
momentum_24h,4,2026-09-13 11:00:00+00:00,0.17723403443142344,0.14820875288975913,68
momentum_24h,4,2026-09-13 12:00:00+00:00,-0.0114010989010989,0.9287528885926771,64
momentum_24h,4,2026-09-13 13:00:00+00:00,-0.18593732106729777,0.12898308674726508,68
momentum_24h,4,2026-09-13 14:00:00+00:00,-0.03855547437636991,0.7585725994515711,66
momentum_24h,4,2026-09-13 15:00:00+00:00,0.03859722367185055,0.7583191257351485,66
momentum_24h,4,2026-09-13 16:00:00+00:00,0.18561607615018508,0.14863102836165804,62
momentum_24h,4,2026-09-13 17:00:00+00:00,0.12447432701266653,0.3350854743720766,62
momentum_24h,4,2026-09-13 18:00:00+00:00,0.021470189161146146,0.8630809022261363,67
momentum_24h,4,2026-09-13 19:00:00+00:00,0.03542626728110599,0.7828222550213386,63
momentum_24h,4,2026-09-13 20:00:00+00:00,-0.027994227994228002,0.8392273641197823,55
momentum_24h,4,2026-09-13 21:00:00+00:00,0.10921700803733472,0.41867294426629137,57
momentum_24h,4,2026-09-13 22:00:00+00:00,-0.1810663021189337,0.18171784540341968,56
momentum_24h,4,2026-09-13 23:00:00+00:00,-0.23211044853513096,0.08231898787504988,57
momentum_24h,4,2026-09-14 00:00:00+00:00,-0.23745484856904703,0.06772219508329085,60
momentum_24h,4,2026-09-14 01:00:00+00:00,-0.19038018433179726,0.13503382886753532,63
momentum_24h,4,2026-09-14 02:00:00+00:00,0.033372296902396265,0.801873862095015,59
momentum_24h,4,2026-09-14 03:00:00+00:00,0.2394045813712188,0.05103213238153542,67
momentum_24h,4,2026-09-14 04:00:00+00:00,0.2235576923076923,0.0734315375534753,65
momentum_24h,4,2026-09-14 05:00:00+00:00,0.3909974993053627,0.0020088463733708654,60
momentum_24h,4,2026-09-14 06:00:00+00:00,0.18505068241679307,0.13382666202977586,67
momentum_24h,4,2026-09-14 07:00:00+00:00,0.033043339452470274,0.7906598389632173,67
momentum_24h,4,2026-09-14 08:00:00+00:00,0.03264426530449358,0.7931316472195546,67
momentum_24h,4,2026-09-14 09:00:00+00:00,-0.06827632461435278,0.571559863299756,71
momentum_24h,4,2026-09-14 10:00:00+00:00,0.12461435278336686,0.30047094387713746,71
momentum_24h,4,2026-09-14 11:00:00+00:00,-0.052035330261136714,0.6854616667015794,63
momentum_24h,4,2026-09-14 12:00:00+00:00,-0.09803166827049252,0.41945276734893505,70
momentum_24h,4,2026-09-14 13:00:00+00:00,0.014822190611664296,0.8995618595107455,75
momentum_24h,4,2026-09-14 14:00:00+00:00,-0.007411133467471495,0.9510886711954842,71
momentum_24h,4,2026-09-14 15:00:00+00:00,0.16506410256410253,0.1924217779280326,64
momentum_24h,4,2026-09-14 16:00:00+00:00,0.13658282016490975,0.2741578521149684,66
momentum_24h,4,2026-09-14 17:00:00+00:00,-0.01764705882352941,0.8855631186697198,69
momentum_24h,4,2026-09-14 18:00:00+00:00,-0.26558384547848995,0.029843676133736504,67
momentum_24h,4,2026-09-14 19:00:00+00:00,-0.27190136275146004,0.024895013148030963,68
momentum_24h,4,2026-09-14 20:00:00+00:00,-0.2609957206972133,0.03428840200563057,66
momentum_24h,4,2026-09-14 21:00:00+00:00,0.06975524475524475,0.5808483541227534,65
momentum_24h,4,2026-09-14 22:00:00+00:00,-0.13328800584220996,0.301711937684845,62
momentum_24h,4,2026-09-14 23:00:00+00:00,-0.268301847406325,0.029394508607905816,66
momentum_24h,4,2026-09-15 00:00:00+00:00,-0.22233134396011178,0.08241852443950297,62
momentum_24h,4,2026-09-15 01:00:00+00:00,-0.323128602511738,0.00719463441876903,68
momentum_24h,4,2026-09-15 02:00:00+00:00,-0.21072076743583096,0.1156297582624007,57
momentum_24h,4,2026-09-15 03:00:00+00:00,-0.055431399153962814,0.6559369803642042,67
momentum_24h,4,2026-09-15 04:00:00+00:00,-0.013627514600908499,0.91217381181392,68
momentum_24h,4,2026-09-15 05:00:00+00:00,0.031708589917545146,0.800466484743705,66
momentum_24h,4,2026-09-15 06:00:00+00:00,0.11350524475524475,0.36797839782348696,65
momentum_24h,4,2026-09-15 07:00:00+00:00,0.01867873910127431,0.877129072785888,71
momentum_24h,4,2026-09-15 08:00:00+00:00,-0.32591783216783216,0.00806314161400276,65
momentum_24h,4,2026-09-15 09:00:00+00:00,-0.19870577184010024,0.10972203177651119,66
momentum_24h,4,2026-09-15 10:00:00+00:00,0.07043687523139579,0.5537421193023792,73
momentum_24h,4,2026-09-15 11:00:00+00:00,0.06996984387525287,0.5707247017840428,68
momentum_24h,4,2026-09-15 12:00:00+00:00,0.16692751078367749,0.17365059668186925,68
momentum_24h,4,2026-09-15 13:00:00+00:00,0.08146612365790445,0.49018448783625074,74
momentum_24h,4,2026-09-15 14:00:00+00:00,0.2319818022188523,0.05889505642401638,67
momentum_24h,4,2026-09-15 15:00:00+00:00,0.33266350018268187,0.005224625618583107,69
momentum_24h,4,2026-09-15 16:00:00+00:00,0.2271010736764161,0.05167344486389684,74
momentum_24h,4,2026-09-15 17:00:00+00:00,0.43742454728370217,0.00013648206392993792,71
momentum_24h,4,2026-09-15 18:00:00+00:00,0.1858991487574913,0.12906305990461567,68
momentum_24h,4,2026-09-15 19:00:00+00:00,0.37769224039891525,0.0012668285377188595,70
momentum_24h,4,2026-09-15 20:00:00+00:00,0.3784037558685446,0.0011387599179749981,71
momentum_24h,4,2026-09-15 21:00:00+00:00,0.3653270003653636,0.002024329893454318,69
momentum_24h,4,2026-09-15 22:00:00+00:00,0.1258601839346582,0.2921282575821291,72
momentum_24h,4,2026-09-15 23:00:00+00:00,0.186996336996337,0.13898747508718867,64
momentum_24h,4,2026-09-16 00:00:00+00:00,0.006265464123234098,0.9598670849288925,67
momentum_24h,4,2026-09-16 01:00:00+00:00,-0.14651077822433323,0.22964589418089804,69
momentum_24h,4,2026-09-16 02:00:00+00:00,-0.25041902785537556,0.04096497738185798,67
momentum_24h,4,2026-09-16 03:00:00+00:00,-0.2579049736037789,0.04664653194111911,60
momentum_7d,4,2026-09-15 13:00:00+00:00,0.49999999999999994,0.3910022189557703,5
reversal_1h,4,2026-09-09 16:00:00+00:00,-0.8285714285714287,0.04156268221574335,6
reversal_1h,4,2026-09-09 17:00:00+00:00,0.49999999999999994,0.3910022189557703,5
reversal_1h,4,2026-09-09 18:00:00+00:00,-0.19999999999999998,0.7470600781046621,5
reversal_1h,4,2026-09-09 20:00:00+00:00,0.4285714285714286,0.3965014577259473,6
reversal_1h,4,2026-09-10 11:00:00+00:00,-0.7,0.1881204043741873,5
reversal_1h,4,2026-09-10 13:00:00+00:00,0.9285714285714288,0.002519472403794688,7
reversal_1h,4,2026-09-10 14:00:00+00:00,-0.3142857142857143,0.5440932944606415,6
reversal_1h,4,2026-09-11 02:00:00+00:00,-0.19999999999999998,0.7470600781046621,5
reversal_1h,4,2026-09-11 05:00:00+00:00,-0.19999999999999998,0.7470600781046621,5
reversal_1h,4,2026-09-11 07:00:00+00:00,-0.3214285714285715,0.4820720382996776,7
reversal_1h,4,2026-09-11 08:00:00+00:00,0.48571428571428577,0.3287230320699708,6
reversal_1h,4,2026-09-11 09:00:00+00:00,0.38095238095238104,0.3518125531175649,8
reversal_1h,4,2026-09-11 10:00:00+00:00,0.14285714285714288,0.7599453002180928,7
reversal_1h,4,2026-09-11 11:00:00+00:00,0.6666666666666667,0.049867230568885125,9
reversal_1h,4,2026-09-11 12:00:00+00:00,-0.16363636363636364,0.6514773427962428,10
reversal_1h,4,2026-09-11 13:00:00+00:00,-0.4666666666666666,0.17393859716506654,10
reversal_1h,4,2026-09-11 14:00:00+00:00,0.6,0.023308410879999995,14
reversal_1h,4,2026-09-11 15:00:00+00:00,0.4725274725274725,0.10298105029992853,13
reversal_1h,4,2026-09-11 16:00:00+00:00,-0.6181818181818182,0.04264556980532673,11
reversal_1h,4,2026-09-11 17:00:00+00:00,0.08391608391608392,0.7954145018538978,12
reversal_1h,4,2026-09-11 18:00:00+00:00,0.11188811188811189,0.729194990751066,12
reversal_1h,4,2026-09-11 19:00:00+00:00,-0.21978021978021978,0.4706148514721426,13
reversal_1h,4,2026-09-11 20:00:00+00:00,-0.14285714285714288,0.7871720116618076,6
reversal_1h,4,2026-09-11 21:00:00+00:00,0.4424242424242424,0.20042268671194216,10
reversal_1h,4,2026-09-11 22:00:00+00:00,0.1272727272727273,0.709214625773305,11
reversal_1h,4,2026-09-11 23:00:00+00:00,-0.7166666666666667,0.02981803569584528,9
reversal_1h,4,2026-09-12 00:00:00+00:00,0.3454545454545455,0.29808922090303847,11
reversal_1h,4,2026-09-12 01:00:00+00:00,-0.1043956043956044,0.7343037452877025,13
reversal_1h,4,2026-09-12 02:00:00+00:00,-0.0945054945054945,0.7479382611415479,14
reversal_1h,4,2026-09-12 03:00:00+00:00,0.27017543859649124,0.26327626992868575,19
reversal_1h,4,2026-09-12 04:00:00+00:00,-0.4264705882352941,0.09949911193753977,16
reversal_1h,4,2026-09-12 05:00:00+00:00,-0.0857142857142857,0.7707850311186758,14
reversal_1h,4,2026-09-12 06:00:00+00:00,0.807142857142857,0.0002752442706954195,15
reversal_1h,4,2026-09-12 07:00:00+00:00,-0.29172932330827067,0.21202623258054826,20
reversal_1h,4,2026-09-12 08:00:00+00:00,0.06154714850367025,0.7855539651272332,22
reversal_1h,4,2026-09-12 09:00:00+00:00,0.16642309097552066,0.17171581905889247,69
reversal_1h,4,2026-09-12 10:00:00+00:00,-0.03873847926267281,0.7630842628237069,63
reversal_1h,4,2026-09-12 11:00:00+00:00,-0.009085009733939,0.9413848059558494,68
reversal_1h,4,2026-09-12 12:00:00+00:00,-0.0027361751152073736,0.9830200236623468,63
reversal_1h,4,2026-09-12 13:00:00+00:00,-0.35730653974969157,0.004358967651163508,62
reversal_1h,4,2026-09-12 14:00:00+00:00,0.09627056533190823,0.43482267469301883,68
reversal_1h,4,2026-09-12 15:00:00+00:00,0.41659534495355394,0.0005025647859850016,66
reversal_1h,4,2026-09-12 16:00:00+00:00,0.13594470046082952,0.2880715833258229,63
reversal_1h,4,2026-09-12 17:00:00+00:00,-0.006169575180680415,0.9620421422008584,62
reversal_1h,4,2026-09-12 18:00:00+00:00,0.1181788421344212,0.36028875385183406,62
reversal_1h,4,2026-09-12 19:00:00+00:00,0.3463775780010576,0.005819026196070581,62
reversal_1h,4,2026-09-12 20:00:00+00:00,0.15675757346830851,0.22370701819158348,62
reversal_1h,4,2026-09-12 21:00:00+00:00,-0.13761929943844275,0.2861308476518099,62
reversal_1h,4,2026-09-12 22:00:00+00:00,0.04647983595352016,0.7337343567153859,56
reversal_1h,4,2026-09-12 23:00:00+00:00,0.261148561057817,0.04974578110216717,57
reversal_1h,4,2026-09-13 00:00:00+00:00,0.028699744686086933,0.8306587810885739,58
reversal_1h,4,2026-09-13 01:00:00+00:00,0.27931034482758627,0.03216469956588042,59
reversal_1h,4,2026-09-13 02:00:00+00:00,-0.06456413210445469,0.6151576782000894,63
reversal_1h,4,2026-09-13 03:00:00+00:00,0.35061443932411673,0.004844173118376344,63
reversal_1h,4,2026-09-13 04:00:00+00:00,0.05266608391608391,0.6769284658900133,65
reversal_1h,4,2026-09-13 05:00:00+00:00,0.19440559440559443,0.11778323903159861,66
reversal_1h,4,2026-09-13 06:00:00+00:00,-0.3811956261473382,0.0014596249301744516,67
reversal_1h,4,2026-09-13 07:00:00+00:00,0.017680826636050518,0.8879440322157931,66
reversal_1h,4,2026-09-13 08:00:00+00:00,-0.013728150690398276,0.9122029938513921,67
reversal_1h,4,2026-09-13 09:00:00+00:00,0.08199195171026157,0.4966568956393888,71
reversal_1h,4,2026-09-13 10:00:00+00:00,0.04909456740442655,0.6843159593230026,71
reversal_1h,4,2026-09-13 11:00:00+00:00,-0.02557144348189125,0.8385040108031682,66
reversal_1h,4,2026-09-13 12:00:00+00:00,0.18740842490842485,0.1381031940099782,64
reversal_1h,4,2026-09-13 13:00:00+00:00,0.08739392879013211,0.4718928599098756,70
reversal_1h,4,2026-09-13 14:00:00+00:00,-0.08739495798319329,0.47518845373394625,69
reversal_1h,4,2026-09-13 15:00:00+00:00,0.09633649932157397,0.438035503601242,67
reversal_1h,4,2026-09-13 16:00:00+00:00,-0.22172202797202797,0.07588779211454179,65
reversal_1h,4,2026-09-13 17:00:00+00:00,-0.08034651915248932,0.5213247782497844,66
reversal_1h,4,2026-09-13 18:00:00+00:00,-0.0960442542532095,0.4430013458951893,66
reversal_1h,4,2026-09-13 19:00:00+00:00,-0.07958916083916084,0.5285514198866429,65
reversal_1h,4,2026-09-13 20:00:00+00:00,0.12488038277511963,0.35912245918100105,56
reversal_1h,4,2026-09-13 21:00:00+00:00,0.09639016897081412,0.4523487341521044,63
reversal_1h,4,2026-09-13 22:00:00+00:00,0.2740877842411422,0.03255516601453126,61
reversal_1h,4,2026-09-13 23:00:00+00:00,0.0904283447911158,0.4845664342960208,62
reversal_1h,4,2026-09-14 00:00:00+00:00,-0.04573492636843568,0.7285983602084625,60
reversal_1h,4,2026-09-14 01:00:00+00:00,0.01577797202797203,0.9007249626977658,65
reversal_1h,4,2026-09-14 02:00:00+00:00,-0.19453048273778045,0.1297529747289449,62
reversal_1h,4,2026-09-14 03:00:00+00:00,0.16949300699300698,0.17708950094989298,65
reversal_1h,4,2026-09-14 04:00:00+00:00,0.008996973176077654,0.9428433280851951,66
reversal_1h,4,2026-09-14 05:00:00+00:00,0.10641025641025639,0.402657918105841,64
reversal_1h,4,2026-09-14 06:00:00+00:00,0.27894322456477993,0.01936618224607041,70
reversal_1h,4,2026-09-14 07:00:00+00:00,0.21396203306797307,0.07531172987264637,70
reversal_1h,4,2026-09-14 08:00:00+00:00,-0.15335345405767936,0.20166909041652406,71
reversal_1h,4,2026-09-14 09:00:00+00:00,-0.004311289733284619,0.9719536217149706,69
reversal_1h,4,2026-09-14 10:00:00+00:00,0.22136642988267224,0.07181806296156264,67
reversal_1h,4,2026-09-14 11:00:00+00:00,0.1891173125710786,0.11688933142092382,70
reversal_1h,4,2026-09-14 12:00:00+00:00,-0.09762513701132629,0.4248534938145606,69
reversal_1h,4,2026-09-14 13:00:00+00:00,0.2604836415362731,0.02400290779554533,75
reversal_1h,4,2026-09-14 14:00:00+00:00,0.08611486269213454,0.4719819094141858,72
reversal_1h,4,2026-09-14 15:00:00+00:00,-0.011627178791357896,0.9261753119587784,66
reversal_1h,4,2026-09-14 16:00:00+00:00,0.07638033608182863,0.5421584397823374,66
reversal_1h,4,2026-09-14 17:00:00+00:00,0.1592254293021557,0.19127459133297925,69
reversal_1h,4,2026-09-14 18:00:00+00:00,-0.012247315808959642,0.9175140830183071,74
reversal_1h,4,2026-09-14 19:00:00+00:00,-0.06737818213629604,0.5794375593598864,70
reversal_1h,4,2026-09-14 20:00:00+00:00,0.3270369017172086,0.006091702165565343,69
reversal_1h,4,2026-09-14 21:00:00+00:00,-0.20563423292743443,0.092511431012554,68
reversal_1h,4,2026-09-14 22:00:00+00:00,-0.0803113553113553,0.5281398300981512,64
reversal_1h,4,2026-09-14 23:00:00+00:00,-0.067102615694165,0.578205494707545,71
reversal_1h,4,2026-09-15 00:00:00+00:00,-0.08812877263581488,0.4648835591357347,71
reversal_1h,4,2026-09-15 01:00:00+00:00,-0.08089148702959445,0.5087766646315786,69
reversal_1h,4,2026-09-15 02:00:00+00:00,-0.05842490842490842,0.64653632669719,64
reversal_1h,4,2026-09-15 03:00:00+00:00,-0.1007263149493176,0.41734834819842476,67
reversal_1h,4,2026-09-15 04:00:00+00:00,-0.10765965656955434,0.36803800802824377,72
reversal_1h,4,2026-09-15 05:00:00+00:00,-0.09476493665187474,0.4284665885859683,72
reversal_1h,4,2026-09-15 06:00:00+00:00,-0.13051643192488263,0.2779752575884866,71
reversal_1h,4,2026-09-15 07:00:00+00:00,0.0553407400927303,0.6490905742039437,70
reversal_1h,4,2026-09-15 08:00:00+00:00,-0.0838946723821188,0.48988389276012534,70
reversal_1h,4,2026-09-15 09:00:00+00:00,0.14229726183186073,0.23995521688996238,70
reversal_1h,4,2026-09-15 10:00:00+00:00,0.02020820575627679,0.8681202742129814,70
reversal_1h,4,2026-09-15 11:00:00+00:00,0.158434626020966,0.1837664432576786,72
reversal_1h,4,2026-09-15 12:00:00+00:00,-0.0830278474499968,0.48806909269746146,72
reversal_1h,4,2026-09-15 13:00:00+00:00,-0.03581681476418319,0.7587159319162438,76
reversal_1h,4,2026-09-15 14:00:00+00:00,-0.12142161635832523,0.2864385528564285,79
reversal_1h,4,2026-09-15 15:00:00+00:00,0.04350912245649087,0.7071218748485653,77
reversal_1h,4,2026-09-15 16:00:00+00:00,-0.26124634858812074,0.02004309575886783,79
reversal_1h,4,2026-09-15 17:00:00+00:00,-0.01927546138072454,0.8687315184417197,76
reversal_1h,4,2026-09-15 18:00:00+00:00,-0.036664388243335615,0.7531860281300701,76
reversal_1h,4,2026-09-15 19:00:00+00:00,0.16717493033282504,0.14616588672914138,77
reversal_1h,4,2026-09-15 20:00:00+00:00,-0.03428150796571848,0.7672409929706221,77
reversal_1h,4,2026-09-15 21:00:00+00:00,-0.3693148956306851,0.0009484059327497184,77
reversal_1h,4,2026-09-15 22:00:00+00:00,-0.059494190020505815,0.6096906676484029,76
reversal_1h,4,2026-09-15 23:00:00+00:00,0.18161864474419348,0.14131823302342453,67
reversal_1h,4,2026-09-16 00:00:00+00:00,-0.17536523488758637,0.1464816501242376,70
reversal_1h,4,2026-09-16 01:00:00+00:00,0.07884751430960192,0.5103066833506495,72
reversal_1h,4,2026-09-16 02:00:00+00:00,0.006442058496853016,0.95655769884724,74
reversal_1h,4,2026-09-16 03:00:00+00:00,-0.11604216678843546,0.3534810820079186,66
realized_vol_24h,4,2026-09-08 15:00:00+00:00,-0.6,0.28475697986529386,5
realized_vol_24h,4,2026-09-08 19:00:00+00:00,0.3,0.623837664781073,5
realized_vol_24h,4,2026-09-09 04:00:00+00:00,0.42857142857142866,0.3373683110858241,7
realized_vol_24h,4,2026-09-09 08:00:00+00:00,-0.2571428571428572,0.6227871720116619,6
realized_vol_24h,4,2026-09-09 13:00:00+00:00,0.7,0.1881204043741873,5
realized_vol_24h,4,2026-09-09 15:00:00+00:00,-0.2571428571428572,0.6227871720116619,6
realized_vol_24h,4,2026-09-09 16:00:00+00:00,0.48571428571428577,0.3287230320699708,6
realized_vol_24h,4,2026-09-09 17:00:00+00:00,-0.14285714285714288,0.7871720116618076,6
realized_vol_24h,4,2026-09-09 18:00:00+00:00,0.8285714285714287,0.04156268221574335,6
realized_vol_24h,4,2026-09-09 20:00:00+00:00,-0.14285714285714288,0.7599453002180928,7
realized_vol_24h,4,2026-09-10 00:00:00+00:00,0.3,0.623837664781073,5
realized_vol_24h,4,2026-09-10 03:00:00+00:00,-0.7,0.1881204043741873,5
realized_vol_24h,4,2026-09-10 07:00:00+00:00,0.28571428571428575,0.5345092286010408,7
realized_vol_24h,4,2026-09-10 11:00:00+00:00,0.642857142857143,0.11939237342741099,7
realized_vol_24h,4,2026-09-10 12:00:00+00:00,0.09999999999999999,0.8728885715695384,5
realized_vol_24h,4,2026-09-10 13:00:00+00:00,0.09523809523809526,0.8225054302036114,8
realized_vol_24h,4,2026-09-10 14:00:00+00:00,-0.04761904761904763,0.9108491685195836,8
realized_vol_24h,4,2026-09-10 15:00:00+00:00,-0.7,0.1881204043741873,5
realized_vol_24h,4,2026-09-10 18:00:00+00:00,-0.19999999999999998,0.7470600781046621,5
realized_vol_24h,4,2026-09-11 00:00:00+00:00,-0.09999999999999999,0.8728885715695384,5
realized_vol_24h,4,2026-09-11 02:00:00+00:00,0.7,0.1881204043741873,5
realized_vol_24h,4,2026-09-11 03:00:00+00:00,0.7,0.1881204043741873,5
realized_vol_24h,4,2026-09-11 04:00:00+00:00,0.42857142857142866,0.3373683110858241,7
realized_vol_24h,4,2026-09-11 05:00:00+00:00,-0.14285714285714288,0.7871720116618076,6
realized_vol_24h,4,2026-09-11 06:00:00+00:00,0.5428571428571429,0.26570262390670546,6
realized_vol_24h,4,2026-09-11 07:00:00+00:00,0.16666666666666669,0.668231040071504,9
realized_vol_24h,4,2026-09-11 08:00:00+00:00,0.5333333333333333,0.13922686754397814,9
realized_vol_24h,4,2026-09-11 09:00:00+00:00,0.09090909090909088,0.8027717312071619,10
realized_vol_24h,4,2026-09-11 10:00:00+00:00,0.38333333333333336,0.3084952723803716,9
realized_vol_24h,4,2026-09-11 11:00:00+00:00,0.06293706293706294,0.8459309212287789,12
realized_vol_24h,4,2026-09-11 12:00:00+00:00,0.2571428571428571,0.3748119038799704,14
realized_vol_24h,4,2026-09-11 13:00:00+00:00,0.19090909090909092,0.5739131682855215,11
realized_vol_24h,4,2026-09-11 14:00:00+00:00,-0.6263736263736264,0.021988602409889667,13
realized_vol_24h,4,2026-09-11 15:00:00+00:00,0.17058823529411765,0.5276097688612683,16
realized_vol_24h,4,2026-09-11 16:00:00+00:00,-0.3131868131868132,0.29743842207102933,13
realized_vol_24h,4,2026-09-11 17:00:00+00:00,-0.19230769230769232,0.5290679872349875,13
realized_vol_24h,4,2026-09-11 18:00:00+00:00,-0.07252747252747253,0.8053763135410923,14
realized_vol_24h,4,2026-09-11 19:00:00+00:00,-0.5642857142857142,0.028432522148708565,15
realized_vol_24h,4,2026-09-11 20:00:00+00:00,-0.28571428571428575,0.49272624501695705,8
realized_vol_24h,4,2026-09-11 21:00:00+00:00,-0.3090909090909091,0.3550284397015072,11
realized_vol_24h,4,2026-09-11 22:00:00+00:00,-0.6747252747252748,0.008117706397553255,14
realized_vol_24h,4,2026-09-11 23:00:00+00:00,-0.17032967032967034,0.5779754288392673,13
realized_vol_24h,4,2026-09-12 00:00:00+00:00,-0.3636363636363637,0.24526500073077723,12
realized_vol_24h,4,2026-09-12 01:00:00+00:00,-0.055944055944055944,0.8628980736949713,12
realized_vol_24h,4,2026-09-12 02:00:00+00:00,0.24019607843137256,0.3530886590520007,17
realized_vol_24h,4,2026-09-12 03:00:00+00:00,0.3828689370485036,0.11683232301276779,18
realized_vol_24h,4,2026-09-12 04:00:00+00:00,0.10350877192982455,0.6732515278554064,19
realized_vol_24h,4,2026-09-12 05:00:00+00:00,-0.2529411764705882,0.344563031337499,16
realized_vol_24h,4,2026-09-12 06:00:00+00:00,0.2935064935064935,0.1965925172616866,21
realized_vol_24h,4,2026-09-12 07:00:00+00:00,0.3867871259175608,0.07536283227083161,22
realized_vol_24h,4,2026-09-12 08:00:00+00:00,0.453416149068323,0.034061468904497176,22
realized_vol_24h,4,2026-09-12 09:00:00+00:00,0.15639599555061176,0.4091934365714481,30
realized_vol_24h,4,2026-09-12 10:00:00+00:00,0.30266818301111015,0.010873251315692362,70
realized_vol_24h,4,2026-09-12 11:00:00+00:00,0.32449502133712654,0.00450709827791507,75
realized_vol_24h,4,2026-09-12 12:00:00+00:00,0.1652930402930403,0.19179705921106202,64
realized_vol_24h,4,2026-09-12 13:00:00+00:00,0.11478413558804441,0.35129972722593367,68
realized_vol_24h,4,2026-09-12 14:00:00+00:00,-0.07178724521039279,0.5548129716852229,70
realized_vol_24h,4,2026-09-12 15:00:00+00:00,-0.07262706674831598,0.5501799417342996,70
realized_vol_24h,4,2026-09-12 16:00:00+00:00,-0.08050115207373272,0.5305398503578781,63
realized_vol_24h,4,2026-09-12 17:00:00+00:00,0.06927447552447553,0.5834644856716495,65
realized_vol_24h,4,2026-09-12 18:00:00+00:00,0.17090982347460404,0.1841272469374543,62
realized_vol_24h,4,2026-09-12 19:00:00+00:00,0.3156201996927804,0.011743515559978972,63
realized_vol_24h,4,2026-09-12 20:00:00+00:00,0.16372377622377624,0.19251163508098854,65
realized_vol_24h,4,2026-09-12 21:00:00+00:00,0.05984432234432233,0.6385407150372021,64
realized_vol_24h,4,2026-09-12 22:00:00+00:00,0.0,1.0,59
realized_vol_24h,4,2026-09-12 23:00:00+00:00,0.05645161290322581,0.6603362910547255,63
realized_vol_24h,4,2026-09-13 00:00:00+00:00,0.2720334101382489,0.031020091263195156,63
realized_vol_24h,4,2026-09-13 01:00:00+00:00,0.23540209790209793,0.05907044218291797,65
realized_vol_24h,4,2026-09-13 02:00:00+00:00,0.21791044776119406,0.0788023917734335,66
realized_vol_24h,4,2026-09-13 03:00:00+00:00,0.10667483159828536,0.37942993788569407,70
realized_vol_24h,4,2026-09-13 04:00:00+00:00,-0.19035440263061748,0.11718995328046282,69
realized_vol_24h,4,2026-09-13 05:00:00+00:00,-0.2796492510047498,0.01995768608465033,69
realized_vol_24h,4,2026-09-13 06:00:00+00:00,-0.3131391086243489,0.0073999222158537045,72
realized_vol_24h,4,2026-09-13 07:00:00+00:00,-0.17456197274497076,0.15452038521356357,68
realized_vol_24h,4,2026-09-13 08:00:00+00:00,-0.11497990500548046,0.3468220601904607,69
realized_vol_24h,4,2026-09-13 09:00:00+00:00,-0.13554866186445133,0.2398291608913766,77
realized_vol_24h,4,2026-09-13 10:00:00+00:00,0.2201036653091448,0.0613276673838373,73
realized_vol_24h,4,2026-09-13 11:00:00+00:00,-0.09098890573868626,0.46399684927826795,67
realized_vol_24h,4,2026-09-13 12:00:00+00:00,-0.03762575452716297,0.7554029754958085,71
realized_vol_24h,4,2026-09-13 13:00:00+00:00,-0.04489078119215106,0.7060864580138636,73
realized_vol_24h,4,2026-09-13 14:00:00+00:00,-0.2016767270288397,0.09168549912379785,71
realized_vol_24h,4,2026-09-13 15:00:00+00:00,0.23960540738034347,0.04737423627819766,69
realized_vol_24h,4,2026-09-13 16:00:00+00:00,0.03214108485704469,0.7947129387669655,68
realized_vol_24h,4,2026-09-13 17:00:00+00:00,0.0024742597174555038,0.984145819043229,67
realized_vol_24h,4,2026-09-13 18:00:00+00:00,-0.2223952410112851,0.0642506472404259,70
realized_vol_24h,4,2026-09-13 19:00:00+00:00,-0.3733633622170477,0.001712727499515184,68
realized_vol_24h,4,2026-09-13 20:00:00+00:00,-0.2771272443403591,0.029213114035015846,62
realized_vol_24h,4,2026-09-13 21:00:00+00:00,-0.3690637720488467,0.002116697152566395,67
realized_vol_24h,4,2026-09-13 22:00:00+00:00,0.05700866297881224,0.6493527270979331,66
realized_vol_24h,4,2026-09-13 23:00:00+00:00,0.08957311345371048,0.4744661834760207,66
realized_vol_24h,4,2026-09-14 00:00:00+00:00,0.14921328671328674,0.23550033111323407,65
realized_vol_24h,4,2026-09-14 01:00:00+00:00,0.1616824233069651,0.17482679781029836,72
realized_vol_24h,4,2026-09-14 02:00:00+00:00,0.09679487179487178,0.44672503543944375,64
realized_vol_24h,4,2026-09-14 03:00:00+00:00,-0.00453050785531604,0.9705281534439396,69
realized_vol_24h,4,2026-09-14 04:00:00+00:00,-0.1483159828536436,0.22044425925276245,70
realized_vol_24h,4,2026-09-14 05:00:00+00:00,-0.09162742437544898,0.46085368742238225,67
realized_vol_24h,4,2026-09-14 06:00:00+00:00,-0.2674448517589556,0.023136657040823058,72
realized_vol_24h,4,2026-09-14 07:00:00+00:00,-0.20301564722617352,0.08065846116281568,75
realized_vol_24h,4,2026-09-14 08:00:00+00:00,-0.1488485746019992,0.20561725420864815,74
realized_vol_24h,4,2026-09-14 09:00:00+00:00,-0.06145871899296558,0.6054849505910511,73
realized_vol_24h,4,2026-09-14 10:00:00+00:00,0.05842280636801184,0.6209965207575024,74
realized_vol_24h,4,2026-09-14 11:00:00+00:00,0.27148980841571163,0.02300031712795107,70
realized_vol_24h,4,2026-09-14 12:00:00+00:00,0.14718992965568306,0.2107709290868534,74
realized_vol_24h,4,2026-09-14 13:00:00+00:00,0.12137293086660177,0.2866332576171708,79
realized_vol_24h,4,2026-09-14 14:00:00+00:00,-0.028631371097124523,0.8099786210166396,73
realized_vol_24h,4,2026-09-14 15:00:00+00:00,-0.026448178686984666,0.8330452980018592,66
realized_vol_24h,4,2026-09-14 16:00:00+00:00,0.04273108725163521,0.719627152086302,73
realized_vol_24h,4,2026-09-14 17:00:00+00:00,-0.08682092555331991,0.4715607413080587,71
realized_vol_24h,4,2026-09-14 18:00:00+00:00,-0.07690485005553498,0.5148765970905463,74
realized_vol_24h,4,2026-09-14 19:00:00+00:00,-0.05747500925583116,0.6266809021742216,74
realized_vol_24h,4,2026-09-14 20:00:00+00:00,-0.3096159317211949,0.006869945392862898,75
realized_vol_24h,4,2026-09-14 21:00:00+00:00,-0.44064386317907445,0.00013474991130764074,70
realized_vol_24h,4,2026-09-14 22:00:00+00:00,-0.40230179028133,0.0006108921723402713,69
realized_vol_24h,4,2026-09-14 23:00:00+00:00,-0.23897815623843016,0.04030750785423531,74
realized_vol_24h,4,2026-09-15 00:00:00+00:00,-0.2806219918548685,0.015444620433127495,74
realized_vol_24h,4,2026-09-15 01:00:00+00:00,-0.4012476686603641,0.0004774032312804915,72
realized_vol_24h,4,2026-09-15 02:00:00+00:00,-0.36499125874125876,0.0027950214134873155,65
realized_vol_24h,4,2026-09-15 03:00:00+00:00,-0.16943272386310362,0.13297124986239373,80
realized_vol_24h,4,2026-09-15 04:00:00+00:00,-0.006886338393187707,0.9535648848955581,74
realized_vol_24h,4,2026-09-15 05:00:00+00:00,-0.011447611995557199,0.9228830786968752,74
realized_vol_24h,4,2026-09-15 06:00:00+00:00,0.05015920029618658,0.6712688982756627,74
realized_vol_24h,4,2026-09-15 07:00:00+00:00,-0.006888997078870497,0.9519521632942832,79
realized_vol_24h,4,2026-09-15 08:00:00+00:00,0.22284495021337128,0.05464101646275356,75
realized_vol_24h,4,2026-09-15 09:00:00+00:00,0.10101443909663085,0.39179941749279074,74
realized_vol_24h,4,2026-09-15 10:00:00+00:00,-0.328873657987582,0.003283328913803142,78
realized_vol_24h,4,2026-09-15 11:00:00+00:00,-0.4142816500711237,0.0002198718553082031,75
realized_vol_24h,4,2026-09-15 12:00:00+00:00,-0.4409012040590988,5.988597986875415e-05,77
realized_vol_24h,4,2026-09-15 13:00:00+00:00,-0.21494380884884073,0.049589312658119104,84
realized_vol_24h,4,2026-09-15 14:00:00+00:00,-0.17108853532597287,0.12198901889636887,83
realized_vol_24h,4,2026-09-15 15:00:00+00:00,-0.31654946085325836,0.0042270659850673345,80
realized_vol_24h,4,2026-09-15 16:00:00+00:00,-0.2591410939926955,0.017998572268909163,83
realized_vol_24h,4,2026-09-15 17:00:00+00:00,-0.30799726589200277,0.006795670168168898,76
realized_vol_24h,4,2026-09-15 18:00:00+00:00,0.04269414795730585,0.7123662089983245,77
realized_vol_24h,4,2026-09-15 19:00:00+00:00,-0.11565869667135491,0.3069536679100309,80
realized_vol_24h,4,2026-09-15 20:00:00+00:00,-0.008195383158650864,0.9417470250242218,82
realized_vol_24h,4,2026-09-15 21:00:00+00:00,-0.18544303797468356,0.10179614337150668,79
realized_vol_24h,4,2026-09-15 22:00:00+00:00,-0.19156118143459916,0.08871558210565701,80
realized_vol_24h,4,2026-09-15 23:00:00+00:00,-0.2697279567817867,0.021945641847832594,72
realized_vol_24h,4,2026-09-16 00:00:00+00:00,-0.09982228298017772,0.3909180604781617,76
realized_vol_24h,4,2026-09-16 01:00:00+00:00,0.2708392603129445,0.018760739020845053,75
realized_vol_24h,4,2026-09-16 02:00:00+00:00,0.1960564751703992,0.08333386933898859,79
realized_vol_24h,4,2026-09-16 03:00:00+00:00,0.266182456700455,0.029462719578845158,67
volume_momentum,4,2026-09-07 11:00:00+00:00,0.4285714285714286,0.3965014577259473,6
volume_momentum,4,2026-09-09 15:00:00+00:00,-0.39999999999999997,0.5046315754686912,5
volume_momentum,4,2026-09-11 11:00:00+00:00,0.7999999999999999,0.10408803866182788,5
volume_momentum,4,2026-09-11 12:00:00+00:00,0.19047619047619052,0.6514014957024813,8
volume_momentum,4,2026-09-11 13:00:00+00:00,-0.14285714285714288,0.7871720116618076,6
volume_momentum,4,2026-09-11 14:00:00+00:00,-0.3714285714285715,0.4684781341107872,6
volume_momentum,4,2026-09-11 17:00:00+00:00,0.08571428571428573,0.8717434402332361,6
volume_momentum,4,2026-09-12 03:00:00+00:00,-0.9999999999999999,1.4042654220543602e-24,5
volume_momentum,4,2026-09-12 09:00:00+00:00,0.3571428571428572,0.3851206435562562,8
volume_momentum,4,2026-09-12 10:00:00+00:00,-0.7857142857142859,0.03623846267982714,7
volume_momentum,4,2026-09-12 11:00:00+00:00,-0.5333333333333333,0.13922686754397814,9
volume_momentum,4,2026-09-12 13:00:00+00:00,-0.6,0.208,6
volume_momentum,4,2026-09-12 14:00:00+00:00,0.0,1.0,9
volume_momentum,4,2026-09-12 15:00:00+00:00,0.11818181818181818,0.7292847795197802,11
volume_momentum,4,2026-09-12 16:00:00+00:00,-0.04761904761904763,0.9108491685195836,8
volume_momentum,4,2026-09-12 17:00:00+00:00,-0.06666666666666667,0.8646897846262036,9
volume_momentum,4,2026-09-12 18:00:00+00:00,0.08571428571428573,0.8717434402332361,6
volume_momentum,4,2026-09-12 19:00:00+00:00,0.14285714285714288,0.7599453002180928,7
volume_momentum,4,2026-09-12 20:00:00+00:00,0.6071428571428572,0.14823116148116158,7
volume_momentum,4,2026-09-12 21:00:00+00:00,-0.0303030303030303,0.9337729580941466,10
volume_momentum,4,2026-09-12 22:00:00+00:00,-0.09999999999999999,0.8728885715695384,5
volume_momentum,4,2026-09-12 23:00:00+00:00,0.15,0.7000942309691418,9
volume_momentum,4,2026-09-13 00:00:00+00:00,-0.09999999999999999,0.797971695234851,9
volume_momentum,4,2026-09-13 01:00:00+00:00,-0.4000000000000001,0.22286835013351997,11
volume_momentum,4,2026-09-13 02:00:00+00:00,-0.34411764705882353,0.19185563142554296,16
volume_momentum,4,2026-09-13 03:00:00+00:00,-0.5318627450980392,0.027987612204855013,17
volume_momentum,4,2026-09-13 04:00:00+00:00,-0.5684210526315789,0.011106774915463193,19
volume_momentum,4,2026-09-13 05:00:00+00:00,-0.32598039215686275,0.20163694355296405,17
volume_momentum,4,2026-09-13 06:00:00+00:00,-0.15513833992094864,0.4796761180696497,23
volume_momentum,4,2026-09-13 07:00:00+00:00,0.3,0.18641143545847969,21
volume_momentum,4,2026-09-13 08:00:00+00:00,-0.09060314685314685,0.4728986392864457,65
volume_momentum,4,2026-09-13 09:00:00+00:00,0.11877968578735844,0.33101079322582716,69
volume_momentum,4,2026-09-13 10:00:00+00:00,0.2188123553356214,0.07524357530979554,67
volume_momentum,4,2026-09-13 11:00:00+00:00,0.2506393861892583,0.03925170414567435,68
volume_momentum,4,2026-09-13 12:00:00+00:00,-0.056822344322344315,0.6556116885188098,64
volume_momentum,4,2026-09-13 13:00:00+00:00,-0.22884299728976598,0.06050519339962783,68
volume_momentum,4,2026-09-13 14:00:00+00:00,0.0664440037574366,0.5960659303148885,66
volume_momentum,4,2026-09-13 15:00:00+00:00,0.08360296419997915,0.5045253449501381,66
volume_momentum,4,2026-09-13 16:00:00+00:00,-0.004356475535745763,0.9731921602786463,62
volume_momentum,4,2026-09-13 17:00:00+00:00,-0.1660748910881116,0.19703599735174496,62
volume_momentum,4,2026-09-13 18:00:00+00:00,-0.037153803176630223,0.7653239484428246,67
volume_momentum,4,2026-09-13 19:00:00+00:00,0.03374615975422427,0.7928875112868066,63
volume_momentum,4,2026-09-13 20:00:00+00:00,-0.06075036075036076,0.6595056712604004,55
volume_momentum,4,2026-09-13 21:00:00+00:00,0.061381903033445685,0.6501280032121938,57
volume_momentum,4,2026-09-13 22:00:00+00:00,0.0887218045112782,0.5155354153522745,56
volume_momentum,4,2026-09-13 23:00:00+00:00,0.23152709359605914,0.08311397383100827,57
volume_momentum,4,2026-09-14 00:00:00+00:00,0.0701861628230064,0.5941158593094744,60
volume_momentum,4,2026-09-14 01:00:00+00:00,-0.00993663594470046,0.9383911600092107,63
volume_momentum,4,2026-09-14 02:00:00+00:00,0.1490356516656926,0.25992155516321436,59
volume_momentum,4,2026-09-14 03:00:00+00:00,-0.03591667331790247,0.7729248861317746,67
volume_momentum,4,2026-09-14 04:00:00+00:00,-0.013767482517482518,0.9133227244872335,65
volume_momentum,4,2026-09-14 05:00:00+00:00,0.02956376771325369,0.8225770306042156,60
volume_momentum,4,2026-09-14 06:00:00+00:00,-0.039667970308883395,0.7499454019992249,67
volume_momentum,4,2026-09-14 07:00:00+00:00,-0.02586000478888978,0.8354440937595133,67
volume_momentum,4,2026-09-14 08:00:00+00:00,-0.14630058264825607,0.23746179439096216,67
volume_momentum,4,2026-09-14 09:00:00+00:00,-0.12927565392354123,0.28260874607776226,71
volume_momentum,4,2026-09-14 10:00:00+00:00,0.01425217974513749,0.9060951165479649,71
volume_momentum,4,2026-09-14 11:00:00+00:00,0.08870967741935484,0.48932907400389986,63
volume_momentum,4,2026-09-14 12:00:00+00:00,-0.17316070335053801,0.15170507576184938,70
volume_momentum,4,2026-09-14 13:00:00+00:00,-0.21339971550497866,0.066019283824357,75
volume_momentum,4,2026-09-14 14:00:00+00:00,-0.15010060362173036,0.21151409697479176,71
volume_momentum,4,2026-09-14 15:00:00+00:00,-0.0007326007326007325,0.9954159450764254,64
volume_momentum,4,2026-09-14 16:00:00+00:00,-0.19824652958981318,0.1105620661526975,66
volume_momentum,4,2026-09-14 17:00:00+00:00,-0.17073438070880528,0.1607243897307533,69
volume_momentum,4,2026-09-14 18:00:00+00:00,-0.020352781546811402,0.8701433154282502,67
volume_momentum,4,2026-09-14 19:00:00+00:00,0.05271595984273008,0.6694196603161052,68
volume_momentum,4,2026-09-14 20:00:00+00:00,0.09107608809101347,0.4670531816389311,66
volume_momentum,4,2026-09-14 21:00:00+00:00,0.18378496503496505,0.14278818441523566,65
volume_momentum,4,2026-09-14 22:00:00+00:00,-0.12618669889954925,0.3284265814686526,62
volume_momentum,4,2026-09-14 23:00:00+00:00,0.07291514455693562,0.560686148541684,66
volume_momentum,4,2026-09-15 00:00:00+00:00,-0.005313389237239052,0.9673066570442733,62
volume_momentum,4,2026-09-15 01:00:00+00:00,-0.22368973546589305,0.06669770203270264,68
volume_momentum,4,2026-09-15 02:00:00+00:00,-0.05360383717915479,0.6920909657611398,57
volume_momentum,4,2026-09-15 03:00:00+00:00,0.04525500838055712,0.7161242145440616,67
volume_momentum,4,2026-09-15 04:00:00+00:00,0.1159674771920449,0.3463230674825353,68
volume_momentum,4,2026-09-15 05:00:00+00:00,-0.018557561841143936,0.8824260472364581,66
volume_momentum,4,2026-09-15 06:00:00+00:00,0.12303321678321677,0.3288688086119659,65
volume_momentum,4,2026-09-15 07:00:00+00:00,-0.20234741784037558,0.09058867488602831,71
volume_momentum,4,2026-09-15 08:00:00+00:00,-0.17722902097902096,0.15784704262704644,65
volume_momentum,4,2026-09-15 09:00:00+00:00,-0.07304039244337754,0.5600112925409526,66
volume_momentum,4,2026-09-15 10:00:00+00:00,-0.029433543132173275,0.8047585975532663,73
volume_momentum,4,2026-09-15 11:00:00+00:00,-0.04821162728556705,0.6962262406357482,68
volume_momentum,4,2026-09-15 12:00:00+00:00,0.2274687941367332,0.062109112130227094,68
volume_momentum,4,2026-09-15 13:00:00+00:00,0.06621251388374674,0.5751382506035262,74
volume_momentum,4,2026-09-15 14:00:00+00:00,0.2499800462926012,0.041332100842943205,67
volume_momentum,4,2026-09-15 15:00:00+00:00,-0.021227621483375963,0.86255082342599,69
volume_momentum,4,2026-09-15 16:00:00+00:00,0.14775268419104032,0.20901220795908057,74
volume_momentum,4,2026-09-15 17:00:00+00:00,0.08943661971830985,0.45825814195430525,71
volume_momentum,4,2026-09-15 18:00:00+00:00,0.033019047982593426,0.789232907017592,68
volume_momentum,4,2026-09-15 19:00:00+00:00,0.04974192983990902,0.6825905142240718,70
volume_momentum,4,2026-09-15 20:00:00+00:00,0.12686116700201208,0.29177125822729816,71
volume_momentum,4,2026-09-15 21:00:00+00:00,-0.023675557179393496,0.846882099856176,69
volume_momentum,4,2026-09-15 22:00:00+00:00,0.26139944690976913,0.02655850004914687,72
volume_momentum,4,2026-09-15 23:00:00+00:00,0.09697802197802197,0.44586143462820776,64
volume_momentum,4,2026-09-16 00:00:00+00:00,-0.20727911245909497,0.0923642001226593,67
volume_momentum,4,2026-09-16 01:00:00+00:00,-0.12393131165509685,0.3103148061854896,69
volume_momentum,4,2026-09-16 02:00:00+00:00,-0.043938063692234026,0.7240502701228893,67
volume_momentum,4,2026-09-16 03:00:00+00:00,-0.09497082522923035,0.4704175870423584,60
volume_surprise,4,2026-09-06 03:00:00+00:00,0.7999999999999999,0.10408803866182788,5
volume_surprise,4,2026-09-07 11:00:00+00:00,-0.28571428571428575,0.5345092286010408,7
volume_surprise,4,2026-09-08 05:00:00+00:00,-0.39999999999999997,0.5046315754686912,5
volume_surprise,4,2026-09-08 15:00:00+00:00,-0.7,0.1881204043741873,5
volume_surprise,4,2026-09-08 16:00:00+00:00,-0.6,0.28475697986529386,5
volume_surprise,4,2026-09-08 19:00:00+00:00,0.3,0.623837664781073,5
volume_surprise,4,2026-09-09 04:00:00+00:00,0.25,0.5164895523012261,9
volume_surprise,4,2026-09-09 08:00:00+00:00,0.08571428571428573,0.8717434402332361,6
volume_surprise,4,2026-09-09 09:00:00+00:00,0.8999999999999998,0.03738607346849874,5
volume_surprise,4,2026-09-09 12:00:00+00:00,0.7,0.1881204043741873,5
volume_surprise,4,2026-09-09 13:00:00+00:00,-0.023809523809523815,0.9553740118158806,8
volume_surprise,4,2026-09-09 14:00:00+00:00,0.09999999999999999,0.8728885715695384,5
volume_surprise,4,2026-09-09 15:00:00+00:00,0.11904761904761905,0.7788857260523796,8
volume_surprise,4,2026-09-09 16:00:00+00:00,-0.3,0.43284532670948234,9
volume_surprise,4,2026-09-09 17:00:00+00:00,-0.07142857142857144,0.8790481931481541,7
volume_surprise,4,2026-09-09 18:00:00+00:00,-0.08571428571428573,0.8717434402332361,6
volume_surprise,4,2026-09-09 19:00:00+00:00,-0.09999999999999999,0.8728885715695384,5
volume_surprise,4,2026-09-09 20:00:00+00:00,0.16363636363636364,0.6514773427962428,10
volume_surprise,4,2026-09-09 22:00:00+00:00,-0.5428571428571429,0.26570262390670546,6
volume_surprise,4,2026-09-10 00:00:00+00:00,-0.8999999999999998,0.03738607346849874,5
volume_surprise,4,2026-09-10 03:00:00+00:00,0.3,0.623837664781073,5
volume_surprise,4,2026-09-10 07:00:00+00:00,0.7142857142857144,0.07134356146753763,7
volume_surprise,4,2026-09-10 10:00:00+00:00,-0.3,0.623837664781073,5
volume_surprise,4,2026-09-10 11:00:00+00:00,0.5714285714285715,0.13895995716070678,8
volume_surprise,4,2026-09-10 12:00:00+00:00,-0.11904761904761905,0.7788857260523796,8
volume_surprise,4,2026-09-10 13:00:00+00:00,-0.43333333333333335,0.24395243588005172,9
volume_surprise,4,2026-09-10 14:00:00+00:00,-0.41666666666666663,0.26458604674749636,9
volume_surprise,4,2026-09-10 15:00:00+00:00,-0.3714285714285715,0.4684781341107872,6
volume_surprise,4,2026-09-10 18:00:00+00:00,0.7,0.1881204043741873,5
volume_surprise,4,2026-09-11 00:00:00+00:00,0.3,0.623837664781073,5
volume_surprise,4,2026-09-11 01:00:00+00:00,0.39999999999999997,0.5046315754686912,5
volume_surprise,4,2026-09-11 02:00:00+00:00,0.21428571428571433,0.6445115810207203,7
volume_surprise,4,2026-09-11 03:00:00+00:00,-0.6,0.28475697986529386,5
volume_surprise,4,2026-09-11 04:00:00+00:00,-0.3214285714285715,0.4820720382996776,7
volume_surprise,4,2026-09-11 05:00:00+00:00,-0.03571428571428572,0.9394082054712856,7
volume_surprise,4,2026-09-11 06:00:00+00:00,0.0,1.0,7
volume_surprise,4,2026-09-11 07:00:00+00:00,-0.6090909090909091,0.0466957093540989,11
volume_surprise,4,2026-09-11 08:00:00+00:00,0.32121212121212117,0.3654683104386705,10
volume_surprise,4,2026-09-11 09:00:00+00:00,0.14685314685314685,0.6487957097846665,12
volume_surprise,4,2026-09-11 10:00:00+00:00,0.08391608391608392,0.7954145018538978,12
volume_surprise,4,2026-09-11 11:00:00+00:00,0.5439560439560439,0.05464653454086547,13
volume_surprise,4,2026-09-11 12:00:00+00:00,-0.10357142857142855,0.7133796306287292,15
volume_surprise,4,2026-09-11 13:00:00+00:00,-0.42499999999999993,0.11429547548052225,15
volume_surprise,4,2026-09-11 14:00:00+00:00,0.022058823529411766,0.9330304490530753,17
volume_surprise,4,2026-09-11 15:00:00+00:00,0.18137254901960786,0.4860097755199285,17
volume_surprise,4,2026-09-11 16:00:00+00:00,0.5208791208791209,0.05615392734370263,14
volume_surprise,4,2026-09-11 17:00:00+00:00,0.10882352941176471,0.6882882939574141,16
volume_surprise,4,2026-09-11 18:00:00+00:00,0.2321428571428571,0.40509874069364893,15
volume_surprise,4,2026-09-11 19:00:00+00:00,0.6470588235294118,0.006742077007179861,16
volume_surprise,4,2026-09-11 20:00:00+00:00,-0.6428571428571429,0.08555889101267328,8
volume_surprise,4,2026-09-11 21:00:00+00:00,-0.46153846153846156,0.1123759705582514,13
volume_surprise,4,2026-09-11 22:00:00+00:00,0.24835164835164836,0.3919195389384575,14
volume_surprise,4,2026-09-11 23:00:00+00:00,0.07692307692307693,0.7938058883554534,14
volume_surprise,4,2026-09-12 00:00:00+00:00,0.14285714285714282,0.6115222287644656,15
volume_surprise,4,2026-09-12 01:00:00+00:00,-0.47802197802197804,0.09849011541638983,13
volume_surprise,4,2026-09-12 02:00:00+00:00,-0.22058823529411767,0.3948890883363402,17
volume_surprise,4,2026-09-12 03:00:00+00:00,-0.29480519480519485,0.19452701576620288,21
volume_surprise,4,2026-09-12 04:00:00+00:00,-0.2157894736842105,0.37493502983934107,19
volume_surprise,4,2026-09-12 05:00:00+00:00,0.022058823529411766,0.9330304490530753,17
volume_surprise,4,2026-09-12 06:00:00+00:00,0.1492094861660079,0.4968228185997446,23
volume_surprise,4,2026-09-12 07:00:00+00:00,0.003076923076923077,0.988353722886774,25
volume_surprise,4,2026-09-12 08:00:00+00:00,0.14846153846153848,0.47879360590363834,25
volume_surprise,4,2026-09-12 09:00:00+00:00,0.054219552639562234,0.6533715258084801,71
volume_surprise,4,2026-09-12 10:00:00+00:00,0.1351587787595136,0.2645991745336672,70
volume_surprise,4,2026-09-12 11:00:00+00:00,-0.07701982228298018,0.508420842302985,76
volume_surprise,4,2026-09-12 12:00:00+00:00,0.03566849816849816,0.7796209469810388,64
volume_surprise,4,2026-09-12 13:00:00+00:00,0.00973393900064893,0.9372061808801986,68
volume_surprise,4,2026-09-12 14:00:00+00:00,0.10786457877700988,0.37410660110467614,70
volume_surprise,4,2026-09-12 15:00:00+00:00,0.09176799930014871,0.4499142513691143,70
volume_surprise,4,2026-09-12 16:00:00+00:00,-0.04739010989010988,0.7099987583747177,64
volume_surprise,4,2026-09-12 17:00:00+00:00,0.04878405176912641,0.6972888358628782,66
volume_surprise,4,2026-09-12 18:00:00+00:00,-0.04525194530482738,0.7269077777909642,62
volume_surprise,4,2026-09-12 19:00:00+00:00,0.15149769585253456,0.23591782379005496,63
volume_surprise,4,2026-09-12 20:00:00+00:00,0.03465909090909091,0.7840146843523794,65
volume_surprise,4,2026-09-12 21:00:00+00:00,-0.13343531468531467,0.28929769860787813,65
volume_surprise,4,2026-09-12 22:00:00+00:00,-0.08213392609058073,0.532707133844396,60
volume_surprise,4,2026-09-12 23:00:00+00:00,-0.2532642089093702,0.04520416333864143,63
volume_surprise,4,2026-09-13 00:00:00+00:00,-0.15793010752688172,0.21638245735019881,63
volume_surprise,4,2026-09-13 01:00:00+00:00,-0.051581254566329206,0.6808412107325741,66
volume_surprise,4,2026-09-13 02:00:00+00:00,0.09028285147688134,0.4709577607737951,66
volume_surprise,4,2026-09-13 03:00:00+00:00,-0.03418226252492122,0.775603394229436,72
volume_surprise,4,2026-09-13 04:00:00+00:00,-0.08637914443180823,0.4770732988773997,70
volume_surprise,4,2026-09-13 05:00:00+00:00,-0.045378151260504214,0.7112008388303049,69
volume_surprise,4,2026-09-13 06:00:00+00:00,0.04649816708469999,0.6981235403257603,72
volume_surprise,4,2026-09-13 07:00:00+00:00,0.2705516989404458,0.024549047866898398,69
volume_surprise,4,2026-09-13 08:00:00+00:00,0.09838159391129385,0.4177867485808381,70
volume_surprise,4,2026-09-13 09:00:00+00:00,0.29957805907172996,0.006941458334829181,80
volume_surprise,4,2026-09-13 10:00:00+00:00,0.06111810440577563,0.6049530707952266,74
volume_surprise,4,2026-09-13 11:00:00+00:00,0.11465107782243335,0.34821207909836477,69
volume_surprise,4,2026-09-13 12:00:00+00:00,-0.1534825390700367,0.1980274894485484,72
volume_surprise,4,2026-09-13 13:00:00+00:00,-0.07607552758237687,0.5194330505395494,74
volume_surprise,4,2026-09-13 14:00:00+00:00,0.05425888665325285,0.6531361861556332,71
volume_surprise,4,2026-09-13 15:00:00+00:00,0.002257020383168577,0.9852052016472884,70
volume_surprise,4,2026-09-13 16:00:00+00:00,0.0718784593655762,0.560236552895891,68
volume_surprise,4,2026-09-13 17:00:00+00:00,0.0664059382233219,0.5933991018547445,67
volume_surprise,4,2026-09-13 18:00:00+00:00,0.15549966465459422,0.19535504245348162,71
volume_surprise,4,2026-09-13 19:00:00+00:00,0.009426379247351116,0.9387249009657357,69
volume_surprise,4,2026-09-13 20:00:00+00:00,-0.11178262949812393,0.3870496582223337,62
volume_surprise,4,2026-09-13 21:00:00+00:00,0.09206640593822332,0.4586995259498082,67
volume_surprise,4,2026-09-13 22:00:00+00:00,0.07208015864732284,0.5651949869034613,66
volume_surprise,4,2026-09-13 23:00:00+00:00,0.05358522074939987,0.6691477460582934,66
volume_surprise,4,2026-09-14 00:00:00+00:00,-0.0480325644504749,0.701731758247716,66
volume_surprise,4,2026-09-14 01:00:00+00:00,0.07753301246451934,0.5144068166886355,73
volume_surprise,4,2026-09-14 02:00:00+00:00,0.051556776556776554,0.6857757209973928,64
volume_surprise,4,2026-09-14 03:00:00+00:00,-0.2205056425509579,0.06660747309051983,70
volume_surprise,4,2026-09-14 04:00:00+00:00,-0.05456069751844399,0.6513315435722009,71
volume_surprise,4,2026-09-14 05:00:00+00:00,0.15352382472663423,0.21483986071008085,67
volume_surprise,4,2026-09-14 06:00:00+00:00,-0.0006787609527335555,0.9954526892874523,73
volume_surprise,4,2026-09-14 07:00:00+00:00,-0.009160739687055476,0.9378253058263232,75
volume_surprise,4,2026-09-14 08:00:00+00:00,-0.14348759718622728,0.22260300416700174,74
volume_surprise,4,2026-09-14 09:00:00+00:00,-0.01915957052943355,0.8721810169957775,73
volume_surprise,4,2026-09-14 10:00:00+00:00,0.0748019252128841,0.5264699108733685,74
volume_surprise,4,2026-09-14 11:00:00+00:00,0.19429621205493833,0.10702088357130574,70
volume_surprise,4,2026-09-14 12:00:00+00:00,-0.1096038504257682,0.3525777545465811,74
volume_surprise,4,2026-09-14 13:00:00+00:00,-0.20026777020447906,0.0767901969564832,79
volume_surprise,4,2026-09-14 14:00:00+00:00,-0.10323337035665804,0.3847771090862722,73
volume_surprise,4,2026-09-14 15:00:00+00:00,0.1093064091308165,0.3785796521087436,67
volume_surprise,4,2026-09-14 16:00:00+00:00,-0.12338022954461313,0.29836484026162363,73
volume_surprise,4,2026-09-14 17:00:00+00:00,-0.013050721954831547,0.9127381150797587,73
volume_surprise,4,2026-09-14 18:00:00+00:00,0.022392344497607655,0.8477416702307659,76
volume_surprise,4,2026-09-14 19:00:00+00:00,-0.21685301740096255,0.06347757315416501,74
volume_surprise,4,2026-09-14 20:00:00+00:00,-0.12711237553342816,0.27714665089211776,75
volume_surprise,4,2026-09-14 21:00:00+00:00,-0.09246785058175137,0.44645111465939613,70
volume_surprise,4,2026-09-14 22:00:00+00:00,-0.28394716122823904,0.01721174483444739,70
volume_surprise,4,2026-09-14 23:00:00+00:00,0.1694927804516845,0.14882961299064365,74
volume_surprise,4,2026-09-15 00:00:00+00:00,-0.1382154757497223,0.24024324627071023,74
volume_surprise,4,2026-09-15 01:00:00+00:00,-0.21589812849700948,0.06853986754313526,72
volume_surprise,4,2026-09-15 02:00:00+00:00,0.05646899193870222,0.6499133245414254,67
volume_surprise,4,2026-09-15 03:00:00+00:00,0.20616502578527898,0.06654447621738181,80
volume_surprise,4,2026-09-15 04:00:00+00:00,0.12124398370973712,0.30346750255270116,74
volume_surprise,4,2026-09-15 05:00:00+00:00,-0.07104035542391704,0.5475277042936147,74
volume_surprise,4,2026-09-15 06:00:00+00:00,0.11061166429587481,0.3447921414231573,75
volume_surprise,4,2026-09-15 07:00:00+00:00,-0.2046007789678676,0.07049274462488446,79
volume_surprise,4,2026-09-15 08:00:00+00:00,-0.11573257467994309,0.32277724182161416,75
volume_surprise,4,2026-09-15 09:00:00+00:00,-0.08028137726767862,0.4965374705406093,74
volume_surprise,4,2026-09-15 10:00:00+00:00,-0.035881207400194744,0.7535689364944622,79
volume_surprise,4,2026-09-15 11:00:00+00:00,0.06611073137388927,0.5704360032919172,76
volume_surprise,4,2026-09-15 12:00:00+00:00,0.15610705084389292,0.1751766690422053,77
volume_surprise,4,2026-09-15 13:00:00+00:00,0.07631424662888411,0.4875703513722783,85
volume_surprise,4,2026-09-15 14:00:00+00:00,0.02657319172159019,0.8115213214713517,83
volume_surprise,4,2026-09-15 15:00:00+00:00,0.13396624472573843,0.23612769370967016,80
volume_surprise,4,2026-09-15 16:00:00+00:00,-0.022039377020276224,0.843227216620197,83
volume_surprise,4,2026-09-15 17:00:00+00:00,0.019795993480204003,0.8643145044922041,77
volume_surprise,4,2026-09-15 18:00:00+00:00,-0.10317530570695127,0.36870058641621817,78
volume_surprise,4,2026-09-15 19:00:00+00:00,-0.05705578996718238,0.6151747904528502,80
volume_surprise,4,2026-09-15 20:00:00+00:00,-0.2089115268662727,0.05962277326835462,82
volume_surprise,4,2026-09-15 21:00:00+00:00,-0.13697663096397272,0.22868514266944964,79
volume_surprise,4,2026-09-15 22:00:00+00:00,-0.12269130723435749,0.2721539728653533,82
volume_surprise,4,2026-09-15 23:00:00+00:00,-0.059585825455013196,0.6190509411827444,72
volume_surprise,4,2026-09-16 00:00:00+00:00,-0.1827646038172354,0.111620090570266,77
volume_surprise,4,2026-09-16 01:00:00+00:00,0.04955903271692745,0.6728463973020962,75
volume_surprise,4,2026-09-16 02:00:00+00:00,0.07882181110029213,0.48988468131641155,79
volume_surprise,4,2026-09-16 03:00:00+00:00,-0.05419426929523507,0.6631476695044175,67
amihud_illiquidity,4,2026-09-09 16:00:00+00:00,-0.2571428571428572,0.6227871720116619,6
amihud_illiquidity,4,2026-09-09 17:00:00+00:00,-0.3,0.623837664781073,5
amihud_illiquidity,4,2026-09-09 18:00:00+00:00,-0.3,0.623837664781073,5
amihud_illiquidity,4,2026-09-09 20:00:00+00:00,-0.08571428571428573,0.8717434402332361,6
amihud_illiquidity,4,2026-09-10 11:00:00+00:00,-0.19999999999999998,0.7470600781046621,5
amihud_illiquidity,4,2026-09-10 13:00:00+00:00,0.8571428571428573,0.013697326615325611,7
amihud_illiquidity,4,2026-09-10 14:00:00+00:00,0.8857142857142858,0.01884548104956266,6
amihud_illiquidity,4,2026-09-11 02:00:00+00:00,0.6,0.28475697986529386,5
amihud_illiquidity,4,2026-09-11 05:00:00+00:00,-0.09999999999999999,0.8728885715695384,5
amihud_illiquidity,4,2026-09-11 07:00:00+00:00,0.4642857142857144,0.29393410760025185,7
amihud_illiquidity,4,2026-09-11 08:00:00+00:00,0.028571428571428574,0.9571545189504373,6
amihud_illiquidity,4,2026-09-11 09:00:00+00:00,-0.023809523809523815,0.9553740118158806,8
amihud_illiquidity,4,2026-09-11 10:00:00+00:00,0.21428571428571433,0.6445115810207203,7
amihud_illiquidity,4,2026-09-11 11:00:00+00:00,0.33333333333333337,0.38071318167686347,9
amihud_illiquidity,4,2026-09-11 12:00:00+00:00,0.4545454545454545,0.18690481034933198,10
amihud_illiquidity,4,2026-09-11 13:00:00+00:00,0.5393939393939393,0.1075931877824148,10
amihud_illiquidity,4,2026-09-11 14:00:00+00:00,-0.4197802197802198,0.13510107382914258,14
amihud_illiquidity,4,2026-09-11 15:00:00+00:00,0.14835164835164835,0.6286094178894163,13
amihud_illiquidity,4,2026-09-11 16:00:00+00:00,-0.6727272727272727,0.02331303983318598,11
amihud_illiquidity,4,2026-09-11 17:00:00+00:00,-0.3706293706293707,0.23562100351264567,12
amihud_illiquidity,4,2026-09-11 18:00:00+00:00,0.32867132867132864,0.2969041156887641,12
amihud_illiquidity,4,2026-09-11 19:00:00+00:00,-0.46703296703296704,0.10760914039913912,13
amihud_illiquidity,4,2026-09-11 20:00:00+00:00,-0.2,0.7040000000000001,6
amihud_illiquidity,4,2026-09-11 21:00:00+00:00,0.06666666666666665,0.8548130882487427,10
amihud_illiquidity,4,2026-09-11 22:00:00+00:00,-0.24545454545454545,0.46692236698201633,11
amihud_illiquidity,4,2026-09-11 23:00:00+00:00,-0.41666666666666663,0.26458604674749636,9
amihud_illiquidity,4,2026-09-12 00:00:00+00:00,-0.39090909090909093,0.23454006709519434,11
amihud_illiquidity,4,2026-09-12 01:00:00+00:00,0.39010989010989006,0.18757411613383781,13
amihud_illiquidity,4,2026-09-12 02:00:00+00:00,0.2703296703296703,0.34991938634960434,14
amihud_illiquidity,4,2026-09-12 03:00:00+00:00,0.23508771929824557,0.33263189836380064,19
amihud_illiquidity,4,2026-09-12 04:00:00+00:00,0.13823529411764704,0.6096659407501827,16
amihud_illiquidity,4,2026-09-12 05:00:00+00:00,-0.1956043956043956,0.5027500912969567,14
amihud_illiquidity,4,2026-09-12 06:00:00+00:00,0.10357142857142855,0.7133796306287292,15
amihud_illiquidity,4,2026-09-12 07:00:00+00:00,0.07669172932330826,0.74793344754194,20
amihud_illiquidity,4,2026-09-12 08:00:00+00:00,0.12704686617730096,0.5731558222741561,22
amihud_illiquidity,4,2026-09-12 09:00:00+00:00,0.09510412860796494,0.43696633295946485,69
amihud_illiquidity,4,2026-09-12 10:00:00+00:00,0.11976766513056837,0.3498082312244057,63
amihud_illiquidity,4,2026-09-12 11:00:00+00:00,0.13860365690727944,0.2596512823449332,68
amihud_illiquidity,4,2026-09-12 12:00:00+00:00,-0.018529185867895547,0.8853914246483805,63
amihud_illiquidity,4,2026-09-12 13:00:00+00:00,0.06872151293092595,0.5956061395972765,62
amihud_illiquidity,4,2026-09-12 14:00:00+00:00,-0.0916517158453258,0.457279519005758,68
amihud_illiquidity,4,2026-09-12 15:00:00+00:00,0.04273040392443378,0.7333547686996746,66
amihud_illiquidity,4,2026-09-12 16:00:00+00:00,0.14448924731182797,0.2585507610115556,63
amihud_illiquidity,4,2026-09-12 17:00:00+00:00,0.07204552894663947,0.5778922258412179,62
amihud_illiquidity,4,2026-09-12 18:00:00+00:00,0.12190576918234242,0.3452315336366126,62
amihud_illiquidity,4,2026-09-12 19:00:00+00:00,0.18501170960187355,0.14998121525720057,62
amihud_illiquidity,4,2026-09-12 20:00:00+00:00,-0.10397622824909974,0.421263398279525,62
amihud_illiquidity,4,2026-09-12 21:00:00+00:00,-0.20515726121225855,0.10968716845684921,62
amihud_illiquidity,4,2026-09-12 22:00:00+00:00,-0.11722488038277512,0.3895590823251406,56
amihud_illiquidity,4,2026-09-12 23:00:00+00:00,-0.15627430645579465,0.24570084257735086,57
amihud_illiquidity,4,2026-09-13 00:00:00+00:00,0.07791688455504629,0.5609946437008989,58
amihud_illiquidity,4,2026-09-13 01:00:00+00:00,-0.06557568673290474,0.621693992056648,59
amihud_illiquidity,4,2026-09-13 02:00:00+00:00,-0.13277649769585254,0.29955944118315114,63
amihud_illiquidity,4,2026-09-13 03:00:00+00:00,-0.07349270353302612,0.5670347150250095,63
amihud_illiquidity,4,2026-09-13 04:00:00+00:00,0.07167832167832167,0.5704378141435685,65
amihud_illiquidity,4,2026-09-13 05:00:00+00:00,0.05333472497651603,0.6706052230527246,66
amihud_illiquidity,4,2026-09-13 06:00:00+00:00,-0.008739723840689603,0.9440402270790722,67
amihud_illiquidity,4,2026-09-13 07:00:00+00:00,-0.0971297359357061,0.43783994161817597,66
amihud_illiquidity,4,2026-09-13 08:00:00+00:00,-0.08496288610423818,0.4942270622815159,67
amihud_illiquidity,4,2026-09-13 09:00:00+00:00,-0.15184439973172367,0.2061949330348606,71
amihud_illiquidity,4,2026-09-13 10:00:00+00:00,0.08809523809523807,0.46505412391004247,71
amihud_illiquidity,4,2026-09-13 11:00:00+00:00,0.07345788539818392,0.557764553521647,66
amihud_illiquidity,4,2026-09-13 12:00:00+00:00,-0.0315018315018315,0.8048239085242141,64
amihud_illiquidity,4,2026-09-13 13:00:00+00:00,0.01408450704225352,0.9078717865470483,70
amihud_illiquidity,4,2026-09-13 14:00:00+00:00,-0.13215199123127513,0.27905780957881693,69
amihud_illiquidity,4,2026-09-13 15:00:00+00:00,-0.09801261074307607,0.43006964148722554,67
amihud_illiquidity,4,2026-09-13 16:00:00+00:00,-0.05467657342657343,0.6653146877054162,65
amihud_illiquidity,4,2026-09-13 17:00:00+00:00,0.06861496712242982,0.5840862039145666,66
amihud_illiquidity,4,2026-09-13 18:00:00+00:00,0.23047698570086633,0.06263420268005976,66
amihud_illiquidity,4,2026-09-13 19:00:00+00:00,0.22202797202797203,0.07547393371833254,65
amihud_illiquidity,4,2026-09-13 20:00:00+00:00,0.24121667805878333,0.0733036223284303,56
amihud_illiquidity,4,2026-09-13 21:00:00+00:00,0.18577188940092165,0.14491933989739814,63
amihud_illiquidity,4,2026-09-13 22:00:00+00:00,0.1422527763088313,0.27412259724332594,61
amihud_illiquidity,4,2026-09-13 23:00:00+00:00,0.05013724157034575,0.6987633226039331,62
amihud_illiquidity,4,2026-09-14 00:00:00+00:00,0.07618782995276469,0.5628753116395886,60
amihud_illiquidity,4,2026-09-14 01:00:00+00:00,-0.04597902097902098,0.7160861611549709,65
amihud_illiquidity,4,2026-09-14 02:00:00+00:00,0.10976807433708544,0.39571684444759764,62
amihud_illiquidity,4,2026-09-14 03:00:00+00:00,0.04833916083916084,0.7021761396137975,65
amihud_illiquidity,4,2026-09-14 04:00:00+00:00,-0.020770274501617787,0.8685250320640514,66
amihud_illiquidity,4,2026-09-14 05:00:00+00:00,0.09661172161172159,0.4475895640313186,64
amihud_illiquidity,4,2026-09-14 06:00:00+00:00,0.10845945236637214,0.3714619589035435,70
amihud_illiquidity,4,2026-09-14 07:00:00+00:00,-0.0415536698451579,0.7326891091612174,70
amihud_illiquidity,4,2026-09-14 08:00:00+00:00,0.07370892018779342,0.5412723655623819,71
amihud_illiquidity,4,2026-09-14 09:00:00+00:00,-0.02849835586408477,0.8161903743998838,69
amihud_illiquidity,4,2026-09-14 10:00:00+00:00,-0.06672519754170327,0.5916203380409273,67
amihud_illiquidity,4,2026-09-14 11:00:00+00:00,-0.24269092817776222,0.04293822328589065,70
amihud_illiquidity,4,2026-09-14 12:00:00+00:00,-0.11775666788454514,0.33522213777570214,69
amihud_illiquidity,4,2026-09-14 13:00:00+00:00,0.059032716927453766,0.6149005054256517,75
amihud_illiquidity,4,2026-09-14 14:00:00+00:00,-0.032059939545951516,0.7892033375117296,72
amihud_illiquidity,4,2026-09-14 15:00:00+00:00,0.014800125247886443,0.9061105346567531,66
amihud_illiquidity,4,2026-09-14 16:00:00+00:00,0.11650140903872248,0.3515662787086043,66
amihud_illiquidity,4,2026-09-14 17:00:00+00:00,0.040226525392765805,0.7427793393370793,69
amihud_illiquidity,4,2026-09-14 18:00:00+00:00,0.09437985931136614,0.42379667158407464,74
amihud_illiquidity,4,2026-09-14 19:00:00+00:00,-0.03340040241448692,0.7837059776300412,70
amihud_illiquidity,4,2026-09-14 20:00:00+00:00,-0.18677383997077093,0.12437328171859753,69
amihud_illiquidity,4,2026-09-14 21:00:00+00:00,0.1445967095468947,0.23940975869479564,68
amihud_illiquidity,4,2026-09-14 22:00:00+00:00,0.04597069597069596,0.71831774354795,64
amihud_illiquidity,4,2026-09-14 23:00:00+00:00,0.061099932930918845,0.6127357958705228,71
amihud_illiquidity,4,2026-09-15 00:00:00+00:00,0.26187122736418506,0.027380346495101605,71
amihud_illiquidity,4,2026-09-15 01:00:00+00:00,0.08618925831202047,0.48132423057910007,69
amihud_illiquidity,4,2026-09-15 02:00:00+00:00,0.0369047619047619,0.77218514586287,64
amihud_illiquidity,4,2026-09-15 03:00:00+00:00,0.03771250698379759,0.7618984408147197,67
amihud_illiquidity,4,2026-09-15 04:00:00+00:00,0.017460929963341698,0.8842537983050902,72
amihud_illiquidity,4,2026-09-15 05:00:00+00:00,0.04206058267412697,0.725734657917686,72
amihud_illiquidity,4,2026-09-15 06:00:00+00:00,-0.03343393695506371,0.7819365814509192,71
amihud_illiquidity,4,2026-09-15 07:00:00+00:00,-0.013734581401452192,0.9101510809454638,70
amihud_illiquidity,4,2026-09-15 08:00:00+00:00,0.022342752165164903,0.8543351857865126,70
amihud_illiquidity,4,2026-09-15 09:00:00+00:00,0.13960283439769047,0.24906427846418372,70
amihud_illiquidity,4,2026-09-15 10:00:00+00:00,0.04151867728107777,0.7329057929728086,70
amihud_illiquidity,4,2026-09-15 11:00:00+00:00,0.10987844877484085,0.3581906557658724,72
amihud_illiquidity,4,2026-09-15 12:00:00+00:00,0.14869123416296873,0.21256310428784544,72
amihud_illiquidity,4,2026-09-15 13:00:00+00:00,0.11308270676691728,0.33074315768323315,76
amihud_illiquidity,4,2026-09-15 14:00:00+00:00,-0.0703018500486855,0.5381194343847584,79
amihud_illiquidity,4,2026-09-15 15:00:00+00:00,-0.026368368473631627,0.8199288491266505,77
amihud_illiquidity,4,2026-09-15 16:00:00+00:00,-0.025705939629990265,0.8220767177289575,79
amihud_illiquidity,4,2026-09-15 17:00:00+00:00,0.13779904306220095,0.2352009983487142,76
amihud_illiquidity,4,2026-09-15 18:00:00+00:00,-0.02356801093643199,0.839851025220674,76
amihud_illiquidity,4,2026-09-15 19:00:00+00:00,0.13575897786424101,0.239093843476069,77
amihud_illiquidity,4,2026-09-15 20:00:00+00:00,0.08310110941689888,0.47243286412764085,77
amihud_illiquidity,4,2026-09-15 21:00:00+00:00,-0.030679846469320152,0.7911068909529648,77
amihud_illiquidity,4,2026-09-15 22:00:00+00:00,0.19237183868762814,0.09594187208623962,76
amihud_illiquidity,4,2026-09-15 23:00:00+00:00,0.041743155878362206,0.7373244322662499,67
amihud_illiquidity,4,2026-09-16 00:00:00+00:00,0.1575540197707987,0.19270820557657498,70
amihud_illiquidity,4,2026-09-16 01:00:00+00:00,0.12518489935044055,0.2947459626103938,72
amihud_illiquidity,4,2026-09-16 02:00:00+00:00,-0.05963717141799333,0.6137456918953682,74
amihud_illiquidity,4,2026-09-16 03:00:00+00:00,-0.13691681452875484,0.27297502426009534,66
chain_volume_breadth,4,2026-09-06 03:00:00+00:00,0.22360679774997896,0.7176856442107858,5
chain_volume_breadth,4,2026-09-06 06:00:00+00:00,0.0,1.0,5
chain_volume_breadth,4,2026-09-07 11:00:00+00:00,-0.5378528742004772,0.21303688153459105,7
chain_volume_breadth,4,2026-09-08 05:00:00+00:00,0.4472135954999579,0.4501848557521007,5
chain_volume_breadth,4,2026-09-08 15:00:00+00:00,0.22360679774997896,0.7176856442107858,5
chain_volume_breadth,4,2026-09-08 16:00:00+00:00,-0.35355339059327373,0.5594043441634877,5
chain_volume_breadth,4,2026-09-08 19:00:00+00:00,0.2635231383473649,0.6683968370871738,5
chain_volume_breadth,4,2026-09-09 04:00:00+00:00,0.8285098499285156,0.0057896826336174285,9
chain_volume_breadth,4,2026-09-09 08:00:00+00:00,-0.24688535993934707,0.6371960853462738,6
chain_volume_breadth,4,2026-09-09 09:00:00+00:00,-0.35355339059327373,0.5594043441634877,5
chain_volume_breadth,4,2026-09-09 12:00:00+00:00,0.9486832980505137,0.013846832988859102,5
chain_volume_breadth,4,2026-09-09 13:00:00+00:00,0.3161680045562237,0.44550632187776934,8
chain_volume_breadth,4,2026-09-09 14:00:00+00:00,-0.2777460299317655,0.5940940162568629,6
chain_volume_breadth,4,2026-09-09 15:00:00+00:00,-0.2182178902359924,0.6036450565101361,8
chain_volume_breadth,4,2026-09-09 16:00:00+00:00,0.5196152422706632,0.15164081702003673,9
chain_volume_breadth,4,2026-09-09 17:00:00+00:00,0.40824829046386296,0.36321746764912255,7
chain_volume_breadth,4,2026-09-09 20:00:00+00:00,-0.7311261550139309,0.01628242542284659,10
chain_volume_breadth,4,2026-09-09 22:00:00+00:00,-0.20701966780270628,0.69390663403457,6
chain_volume_breadth,4,2026-09-10 00:00:00+00:00,0.6172133998483676,0.19174435734142337,6
chain_volume_breadth,4,2026-09-10 03:00:00+00:00,0.13093073414159545,0.8047261622231062,6
chain_volume_breadth,4,2026-09-10 07:00:00+00:00,0.0,1.0,7
chain_volume_breadth,4,2026-09-10 10:00:00+00:00,0.13522468075656266,0.7983993188035018,6
chain_volume_breadth,4,2026-09-10 11:00:00+00:00,0.0,1.0,9
chain_volume_breadth,4,2026-09-10 12:00:00+00:00,-0.4398859193825721,0.27543475476580453,8
chain_volume_breadth,4,2026-09-10 13:00:00+00:00,0.3105295017040594,0.4160485816873685,9
chain_volume_breadth,4,2026-09-10 14:00:00+00:00,0.16035674514745463,0.6802433692439837,9
chain_volume_breadth,4,2026-09-10 15:00:00+00:00,0.09759000729485333,0.8540797033781717,6
chain_volume_breadth,4,2026-09-10 18:00:00+00:00,-0.6708203932499368,0.21516994256955022,5
chain_volume_breadth,4,2026-09-11 00:00:00+00:00,-0.09759000729485333,0.8540797033781717,6
chain_volume_breadth,4,2026-09-11 01:00:00+00:00,0.7071067811865475,0.18169011381620942,5
chain_volume_breadth,4,2026-09-11 02:00:00+00:00,0.40824829046386296,0.36321746764912255,7
chain_volume_breadth,4,2026-09-11 03:00:00+00:00,0.35355339059327373,0.5594043441634877,5
chain_volume_breadth,4,2026-09-11 04:00:00+00:00,0.0,1.0,8
chain_volume_breadth,4,2026-09-11 05:00:00+00:00,0.0,1.0,7
chain_volume_breadth,4,2026-09-11 06:00:00+00:00,0.0,1.0,7
chain_volume_breadth,4,2026-09-11 07:00:00+00:00,-0.3515470711415477,0.28907360112125763,11
chain_volume_breadth,4,2026-09-11 08:00:00+00:00,-0.2611164839335467,0.4661852835040307,10
chain_volume_breadth,4,2026-09-11 09:00:00+00:00,0.042257712736425826,0.8909758120789556,13
chain_volume_breadth,4,2026-09-11 10:00:00+00:00,0.1379728923974526,0.6689292933457842,12
chain_volume_breadth,4,2026-09-11 11:00:00+00:00,0.32614969933088456,0.2551067621503171,14
chain_volume_breadth,4,2026-09-11 12:00:00+00:00,0.0982389810411093,0.717383706900394,16
chain_volume_breadth,4,2026-09-11 13:00:00+00:00,-0.19026059766179762,0.4803145290602383,16
chain_volume_breadth,4,2026-09-11 14:00:00+00:00,-0.29814239699997197,0.2451083171080186,17
chain_volume_breadth,4,2026-09-11 15:00:00+00:00,-0.22781276127232536,0.3482372813148874,19
chain_volume_breadth,4,2026-09-11 17:00:00+00:00,0.30529549241780796,0.2502100149256547,16
chain_volume_breadth,4,2026-09-11 18:00:00+00:00,-0.03857583749052298,0.8914326101774065,15
chain_volume_breadth,4,2026-09-11 19:00:00+00:00,-0.31088635672442366,0.24119728305993826,16
chain_volume_breadth,4,2026-09-11 20:00:00+00:00,-0.1693240529890391,0.6631913786418377,9
chain_volume_breadth,4,2026-09-11 21:00:00+00:00,-0.5916079783099616,0.033189140421799476,13
chain_volume_breadth,4,2026-09-11 22:00:00+00:00,-0.26105590043165683,0.3473252218735485,15
chain_volume_breadth,4,2026-09-11 23:00:00+00:00,0.1336884571939152,0.634789743340237,15
chain_volume_breadth,4,2026-09-12 00:00:00+00:00,-0.06236383572949201,0.8185250781996145,16
chain_volume_breadth,4,2026-09-12 01:00:00+00:00,-0.16727605322124856,0.5849112318815354,13
chain_volume_breadth,4,2026-09-12 02:00:00+00:00,0.265109418253021,0.25863406242327935,20
chain_volume_breadth,4,2026-09-12 03:00:00+00:00,-0.39127198645540295,0.07943973902498151,21
chain_volume_breadth,4,2026-09-12 04:00:00+00:00,0.38253758050267006,0.09598879094455924,20
chain_volume_breadth,4,2026-09-12 05:00:00+00:00,0.17319996504897087,0.4782655643891393,19
chain_volume_breadth,4,2026-09-12 06:00:00+00:00,-0.02073443795590044,0.9216346710604275,25
chain_volume_breadth,4,2026-09-12 07:00:00+00:00,0.14659944329400038,0.45663449970158865,28
chain_volume_breadth,4,2026-09-12 08:00:00+00:00,-0.11478208647432897,0.3587679464817383,66
chain_volume_breadth,4,2026-09-12 09:00:00+00:00,-0.08531656115423264,0.4793047544694985,71
chain_volume_breadth,4,2026-09-12 10:00:00+00:00,-0.004359154380422464,0.971430056383225,70
chain_volume_breadth,4,2026-09-12 11:00:00+00:00,-0.0976771589836636,0.40122975679282125,76
chain_volume_breadth,4,2026-09-12 12:00:00+00:00,-0.14448584589858748,0.25466379260707606,64
chain_volume_breadth,4,2026-09-12 13:00:00+00:00,-0.05870575128317117,0.6344054283873894,68
chain_volume_breadth,4,2026-09-12 14:00:00+00:00,-0.02607878384794225,0.830314287724549,70
chain_volume_breadth,4,2026-09-12 15:00:00+00:00,0.06241535901677138,0.6077396399657042,70
chain_volume_breadth,4,2026-09-12 16:00:00+00:00,-0.03247991771764601,0.7988889155517583,64
chain_volume_breadth,4,2026-09-12 17:00:00+00:00,-0.05805155948182125,0.6433694256861655,66
chain_volume_breadth,4,2026-09-12 18:00:00+00:00,-0.03801176086057221,0.7692777472688653,62
chain_volume_breadth,4,2026-09-12 19:00:00+00:00,-0.3546688416125178,0.0043434982086093255,63
chain_volume_breadth,4,2026-09-12 20:00:00+00:00,-0.14135142926730151,0.26137387594189954,65
chain_volume_breadth,4,2026-09-12 21:00:00+00:00,-0.003597235979516831,0.9773118641307651,65
chain_volume_breadth,4,2026-09-12 22:00:00+00:00,0.006235815393344163,0.9622846758961223,60
chain_volume_breadth,4,2026-09-12 23:00:00+00:00,-0.0761674001065828,0.5529692741359432,63
chain_volume_breadth,4,2026-09-13 00:00:00+00:00,-0.16304154378172117,0.20169032305021764,63
chain_volume_breadth,4,2026-09-13 01:00:00+00:00,-0.23980090551847477,0.05246139952233919,66
chain_volume_breadth,4,2026-09-13 02:00:00+00:00,0.016574794650277867,0.8949127013347151,66
chain_volume_breadth,4,2026-09-13 03:00:00+00:00,-0.12676546572574837,0.2886430263261228,72
chain_volume_breadth,4,2026-09-13 04:00:00+00:00,0.10395712315430028,0.3917595815625383,70
chain_volume_breadth,4,2026-09-13 05:00:00+00:00,0.21391381086099162,0.07757531488090573,69
chain_volume_breadth,4,2026-09-13 06:00:00+00:00,0.23957012617173792,0.04267651863887428,72
chain_volume_breadth,4,2026-09-13 07:00:00+00:00,0.22088759980027906,0.0681656115711128,69
chain_volume_breadth,4,2026-09-13 08:00:00+00:00,0.13886123730975664,0.2516123374502814,70
chain_volume_breadth,4,2026-09-13 09:00:00+00:00,0.15895920523708576,0.1590214938382767,80
chain_volume_breadth,4,2026-09-13 10:00:00+00:00,-0.24830781008984476,0.03170938015160536,75
chain_volume_breadth,4,2026-09-13 11:00:00+00:00,-0.06008059903186472,0.6238558689963425,69
chain_volume_breadth,4,2026-09-13 12:00:00+00:00,-0.16180903841069122,0.17448483661671055,72
chain_volume_breadth,4,2026-09-13 13:00:00+00:00,0.06889750793316014,0.5597032268114353,74
chain_volume_breadth,4,2026-09-13 14:00:00+00:00,0.3192728234544155,0.0066493880926164995,71
chain_volume_breadth,4,2026-09-13 15:00:00+00:00,-0.03361189595330075,0.7823700090479146,70
chain_volume_breadth,4,2026-09-13 16:00:00+00:00,0.16903925546785456,0.1681941495335092,68
chain_volume_breadth,4,2026-09-13 17:00:00+00:00,-0.007914158274185347,0.9493189472953594,67
chain_volume_breadth,4,2026-09-13 18:00:00+00:00,0.024620982217650463,0.8385031264597599,71
chain_volume_breadth,4,2026-09-13 19:00:00+00:00,0.21198156902422122,0.08035766598073239,69
chain_volume_breadth,4,2026-09-13 20:00:00+00:00,0.14826415706475185,0.250125650079692,62
chain_volume_breadth,4,2026-09-13 21:00:00+00:00,0.26429673453304664,0.030676816259594453,67
chain_volume_breadth,4,2026-09-13 22:00:00+00:00,-0.04107244541133372,0.743337426045727,66
chain_volume_breadth,4,2026-09-13 23:00:00+00:00,-0.015875127583351318,0.8993251525783513,66
chain_volume_breadth,4,2026-09-14 00:00:00+00:00,-0.07499314987046932,0.549539554310729,66
chain_volume_breadth,4,2026-09-14 01:00:00+00:00,-0.06107123759143999,0.6077650156575433,73
chain_volume_breadth,4,2026-09-14 02:00:00+00:00,-0.16509235270274059,0.19234461093747585,64
chain_volume_breadth,4,2026-09-14 03:00:00+00:00,-0.10059965798321044,0.40731540925283793,70
chain_volume_breadth,4,2026-09-14 04:00:00+00:00,-0.05486222694378675,0.6495305769146196,71
chain_volume_breadth,4,2026-09-14 05:00:00+00:00,-0.06245143990483819,0.6156270156551471,67
chain_volume_breadth,4,2026-09-14 06:00:00+00:00,0.05716333618659639,0.6309663720104001,73
chain_volume_breadth,4,2026-09-14 07:00:00+00:00,0.13426662189771368,0.2507778410948659,75
chain_volume_breadth,4,2026-09-14 08:00:00+00:00,-0.056625134743892705,0.6317965329997676,74
chain_volume_breadth,4,2026-09-14 09:00:00+00:00,-0.10937933892749407,0.3569588533494889,73
chain_volume_breadth,4,2026-09-14 10:00:00+00:00,-0.15805867471559035,0.17862654113775348,74
chain_volume_breadth,4,2026-09-14 11:00:00+00:00,-0.2783283867839361,0.019646150146052112,70
chain_volume_breadth,4,2026-09-14 12:00:00+00:00,-0.26831649577776184,0.02081023858375131,74
chain_volume_breadth,4,2026-09-14 13:00:00+00:00,-0.12234699448853523,0.28275439938979163,79
chain_volume_breadth,4,2026-09-14 14:00:00+00:00,-0.04071256105000742,0.7323611829897,73
chain_volume_breadth,4,2026-09-14 15:00:00+00:00,-0.06288019855370773,0.6131997858112819,67
chain_volume_breadth,4,2026-09-14 16:00:00+00:00,-0.07914286500490744,0.5026827824452086,74
chain_volume_breadth,4,2026-09-14 17:00:00+00:00,-0.022468873114890157,0.8492951052142725,74
chain_volume_breadth,4,2026-09-14 18:00:00+00:00,0.040629609889707416,0.7274839223336007,76
chain_volume_breadth,4,2026-09-14 19:00:00+00:00,0.08241094986082668,0.4851488803393581,74
chain_volume_breadth,4,2026-09-14 20:00:00+00:00,0.21346436546592168,0.06593536329611924,75
chain_volume_breadth,4,2026-09-14 21:00:00+00:00,0.15639089655095473,0.19605525806730892,70
chain_volume_breadth,4,2026-09-14 22:00:00+00:00,0.2118298643652911,0.0783363367617794,70
chain_volume_breadth,4,2026-09-14 23:00:00+00:00,0.06496629624065169,0.5823685880389693,74
chain_volume_breadth,4,2026-09-15 00:00:00+00:00,0.12161218363039383,0.30199047652083644,74
chain_volume_breadth,4,2026-09-15 01:00:00+00:00,0.06798304117694341,0.5649380135848311,74
chain_volume_breadth,4,2026-09-15 02:00:00+00:00,0.03926961012357366,0.7523757846333662,67
chain_volume_breadth,4,2026-09-15 03:00:00+00:00,-0.026146023250379097,0.8179239984411033,80
chain_volume_breadth,4,2026-09-15 04:00:00+00:00,-0.16332279909240904,0.1644097312293386,74
chain_volume_breadth,4,2026-09-15 05:00:00+00:00,-0.12374562223654675,0.29352456976654706,74
chain_volume_breadth,4,2026-09-15 06:00:00+00:00,-0.1798545064973129,0.12257741599989742,75
chain_volume_breadth,4,2026-09-15 07:00:00+00:00,-0.09883590669333091,0.3861639151206339,79
chain_volume_breadth,4,2026-09-15 08:00:00+00:00,-0.17843487655523113,0.12560704587049962,75
chain_volume_breadth,4,2026-09-15 09:00:00+00:00,-0.20294117801213216,0.0807720752330308,75
chain_volume_breadth,4,2026-09-15 10:00:00+00:00,0.11054057539311372,0.3321352385250147,79
chain_volume_breadth,4,2026-09-15 11:00:00+00:00,0.08676224944155006,0.45612233821138687,76
chain_volume_breadth,4,2026-09-15 12:00:00+00:00,0.08628813559470974,0.4525473312983548,78
chain_volume_breadth,4,2026-09-15 13:00:00+00:00,0.06413416938387474,0.5598032093060397,85
chain_volume_breadth,4,2026-09-15 14:00:00+00:00,0.07919626039597197,0.4766573580655864,83
chain_volume_breadth,4,2026-09-15 15:00:00+00:00,0.1763437882492425,0.11764561867375176,80
chain_volume_breadth,4,2026-09-15 16:00:00+00:00,0.10388759500789618,0.34699880336040917,84
chain_volume_breadth,4,2026-09-15 17:00:00+00:00,0.039685656817373315,0.7318397194779332,77
chain_volume_breadth,4,2026-09-15 18:00:00+00:00,-0.0034002359956821645,0.9764296823689022,78
chain_volume_breadth,4,2026-09-15 19:00:00+00:00,-0.11103183876724909,0.32683693911851464,80
chain_volume_breadth,4,2026-09-15 20:00:00+00:00,-0.1046523025021589,0.3464193720982302,83
chain_volume_breadth,4,2026-09-15 21:00:00+00:00,-0.002579171630163094,0.9820021947284535,79
chain_volume_breadth,4,2026-09-15 22:00:00+00:00,-0.04416263149094729,0.6936086806422898,82
chain_volume_breadth,4,2026-09-15 23:00:00+00:00,-0.02532336906156404,0.8327709282091388,72
chain_volume_breadth,4,2026-09-16 00:00:00+00:00,-0.14950307790498366,0.19437888172704698,77
chain_volume_breadth,4,2026-09-16 01:00:00+00:00,-0.37857521341332034,0.0008108287274781711,75
chain_volume_breadth,4,2026-09-16 02:00:00+00:00,-0.2967584358969637,0.007914036393535818,79
chain_volume_breadth,4,2026-09-16 03:00:00+00:00,-0.05385305030872333,0.6627154659333798,68
market_vol_regime,4,2026-09-06 03:00:00+00:00,0.3354101966249684,0.5810906728217107,5
market_vol_regime,4,2026-09-06 06:00:00+00:00,0.0,1.0,5
market_vol_regime,4,2026-09-07 11:00:00+00:00,-0.20701966780270628,0.69390663403457,6
market_vol_regime,4,2026-09-08 15:00:00+00:00,-0.7826237921249264,0.11761376087345812,5
market_vol_regime,4,2026-09-08 16:00:00+00:00,-0.35355339059327373,0.5594043441634877,5
market_vol_regime,4,2026-09-08 19:00:00+00:00,0.2635231383473649,0.6683968370871738,5
market_vol_regime,4,2026-09-09 04:00:00+00:00,0.6147008563985761,0.07814551385577594,9
market_vol_regime,4,2026-09-09 08:00:00+00:00,0.06172133998483677,0.9075355544798589,6
market_vol_regime,4,2026-09-09 09:00:00+00:00,0.35355339059327373,0.5594043441634877,5
market_vol_regime,4,2026-09-09 12:00:00+00:00,0.9486832980505137,0.013846832988859102,5
market_vol_regime,4,2026-09-09 13:00:00+00:00,0.4536323543632775,0.25892259976927723,8
market_vol_regime,4,2026-09-09 14:00:00+00:00,-0.2777460299317655,0.5940940162568629,6
market_vol_regime,4,2026-09-09 15:00:00+00:00,-0.10432810619146021,0.8057995960337001,8
market_vol_regime,4,2026-09-09 16:00:00+00:00,0.5196152422706632,0.15164081702003673,9
market_vol_regime,4,2026-09-09 17:00:00+00:00,0.40824829046386296,0.36321746764912255,7
market_vol_regime,4,2026-09-09 18:00:00+00:00,0.6210590034081188,0.18818715983081608,6
market_vol_regime,4,2026-09-09 19:00:00+00:00,0.0,1.0,5
market_vol_regime,4,2026-09-09 20:00:00+00:00,-0.7311261550139309,0.01628242542284659,10
market_vol_regime,4,2026-09-09 22:00:00+00:00,-0.20701966780270628,0.69390663403457,6
market_vol_regime,4,2026-09-10 00:00:00+00:00,0.3086066999241838,0.5517855072529714,6
market_vol_regime,4,2026-09-10 03:00:00+00:00,0.033806170189140665,0.9493100625278257,6
market_vol_regime,4,2026-09-10 07:00:00+00:00,0.0,1.0,7
market_vol_regime,4,2026-09-10 10:00:00+00:00,0.13522468075656266,0.7983993188035018,6
market_vol_regime,4,2026-09-10 11:00:00+00:00,-0.11180339887498948,0.7745952022538599,9
market_vol_regime,4,2026-09-10 12:00:00+00:00,-0.4398859193825721,0.27543475476580453,8
market_vol_regime,4,2026-09-10 13:00:00+00:00,-0.39651972354028314,0.29070910345280837,9
market_vol_regime,4,2026-09-10 14:00:00+00:00,0.16035674514745463,0.6802433692439837,9
market_vol_regime,4,2026-09-10 15:00:00+00:00,-0.030860669992418384,0.9537236905685117,6
market_vol_regime,4,2026-09-10 18:00:00+00:00,0.11180339887498948,0.8579446176050993,5
market_vol_regime,4,2026-09-11 00:00:00+00:00,-0.030860669992418384,0.9537236905685117,6
market_vol_regime,4,2026-09-11 02:00:00+00:00,0.6772962119561564,0.09461028221130025,7
market_vol_regime,4,2026-09-11 03:00:00+00:00,0.7905694150420949,0.11136715471408383,5
market_vol_regime,4,2026-09-11 04:00:00+00:00,-0.3086066999241838,0.4570516478374689,8
market_vol_regime,4,2026-09-11 05:00:00+00:00,0.0,1.0,7
market_vol_regime,4,2026-09-11 06:00:00+00:00,0.0,1.0,7
market_vol_regime,4,2026-09-11 07:00:00+00:00,-0.033709993123162106,0.9216200373564736,11
market_vol_regime,4,2026-09-11 08:00:00+00:00,0.48007434889960576,0.16023744402281914,10
market_vol_regime,4,2026-09-11 09:00:00+00:00,-0.181662801988667,0.5525293546439581,13
market_vol_regime,4,2026-09-11 10:00:00+00:00,-0.09855206599818045,0.760582970302442,12
market_vol_regime,4,2026-09-11 11:00:00+00:00,-0.22731645710940437,0.43447501062540894,14
market_vol_regime,4,2026-09-11 12:00:00+00:00,0.07247137945655606,0.789684153522655,16
market_vol_regime,4,2026-09-11 13:00:00+00:00,0.0634201992205992,0.8154999678483732,16
market_vol_regime,4,2026-09-11 14:00:00+00:00,-0.5322309549408417,0.02785895560675996,17
market_vol_regime,4,2026-09-11 15:00:00+00:00,0.03283787549871357,0.8938337041523546,19
market_vol_regime,4,2026-09-11 16:00:00+00:00,0.03092947870658709,0.9128676677603914,15
market_vol_regime,4,2026-09-11 17:00:00+00:00,-0.17327582002091801,0.5210267230030023,16
market_vol_regime,4,2026-09-11 18:00:00+00:00,0.14273059871493501,0.6118410906273141,15
market_vol_regime,4,2026-09-11 19:00:00+00:00,-0.4543723675203115,0.07704552281906167,16
market_vol_regime,4,2026-09-11 20:00:00+00:00,-0.1693240529890391,0.6631913786418377,9
market_vol_regime,4,2026-09-11 21:00:00+00:00,-0.5916079783099616,0.033189140421799476,13
market_vol_regime,4,2026-09-11 22:00:00+00:00,-0.26105590043165683,0.3473252218735485,15
market_vol_regime,4,2026-09-11 23:00:00+00:00,-0.3696092640067067,0.17512876094380017,15
market_vol_regime,4,2026-09-12 00:00:00+00:00,-0.17396227861384614,0.5193513391179001,16
market_vol_regime,4,2026-09-12 01:00:00+00:00,-0.16727605322124856,0.5849112318815354,13
market_vol_regime,4,2026-09-12 02:00:00+00:00,-0.0948517322040787,0.6993091116183087,19
market_vol_regime,4,2026-09-12 03:00:00+00:00,-0.3713014500539087,0.10700017991496641,20
market_vol_regime,4,2026-09-12 04:00:00+00:00,-0.15464285169256875,0.5150546619680422,20
market_vol_regime,4,2026-09-12 05:00:00+00:00,-0.20896952304821484,0.39057459251982546,19
market_vol_regime,4,2026-09-12 06:00:00+00:00,0.11213522567986973,0.5935770030733325,25
market_vol_regime,4,2026-09-12 07:00:00+00:00,-0.14124692812302267,0.47341164783183176,28
market_vol_regime,4,2026-09-12 08:00:00+00:00,0.0572821418268473,0.6477815677549731,66
market_vol_regime,4,2026-09-12 09:00:00+00:00,0.15219525579036594,0.20513629006391004,71
market_vol_regime,4,2026-09-12 10:00:00+00:00,0.06584084797606694,0.5881398846625185,70
market_vol_regime,4,2026-09-12 11:00:00+00:00,0.0976771589836636,0.40122975679282125,76
market_vol_regime,4,2026-09-12 12:00:00+00:00,0.14448584589858748,0.25466379260707606,64
market_vol_regime,4,2026-09-12 13:00:00+00:00,0.12032597248820188,0.3283738717638128,68
market_vol_regime,4,2026-09-12 14:00:00+00:00,0.02265099969088144,0.8523479832163527,70
market_vol_regime,4,2026-09-12 15:00:00+00:00,-0.04090493818687632,0.7367096082595802,70
market_vol_regime,4,2026-09-12 16:00:00+00:00,-0.01507595320956768,0.9058796958335038,64
market_vol_regime,4,2026-09-12 17:00:00+00:00,0.05805155948182125,0.6433694256861655,66
market_vol_regime,4,2026-09-12 18:00:00+00:00,0.03801176086057221,0.7692777472688653,62
market_vol_regime,4,2026-09-12 19:00:00+00:00,0.35954719780664124,0.0038021101455749445,63
market_vol_regime,4,2026-09-12 20:00:00+00:00,0.14135142926730151,0.26137387594189954,65
market_vol_regime,4,2026-09-12 21:00:00+00:00,0.003597235979516831,0.9773118641307651,65
market_vol_regime,4,2026-09-12 22:00:00+00:00,0.03529761550558068,0.788894816480058,60
market_vol_regime,4,2026-09-12 23:00:00+00:00,0.0761674001065828,0.5529692741359432,63
market_vol_regime,4,2026-09-13 00:00:00+00:00,0.19068163382197006,0.13440533980984745,63
market_vol_regime,4,2026-09-13 01:00:00+00:00,0.19397519205699693,0.11861441888458674,66
market_vol_regime,4,2026-09-13 02:00:00+00:00,-0.016574794650277867,0.8949127013347151,66
market_vol_regime,4,2026-09-13 03:00:00+00:00,0.10740735761756275,0.3691680966558877,72
market_vol_regime,4,2026-09-13 04:00:00+00:00,-0.12305723975067241,0.31015526564614154,70
market_vol_regime,4,2026-09-13 05:00:00+00:00,-0.21391381086099162,0.07757531488090573,69
market_vol_regime,4,2026-09-13 06:00:00+00:00,-0.1252024779993002,0.29467762556350474,72
market_vol_regime,4,2026-09-13 07:00:00+00:00,-0.22088759980027906,0.0681656115711128,69
market_vol_regime,4,2026-09-13 08:00:00+00:00,-0.02540678789894601,0.8346241500131784,70
market_vol_regime,4,2026-09-13 09:00:00+00:00,-0.12180244526838317,0.2817924341079864,80
market_vol_regime,4,2026-09-13 10:00:00+00:00,0.23081739143636287,0.04633216470231061,75
market_vol_regime,4,2026-09-13 11:00:00+00:00,-0.07468246613834324,0.5419422715652249,69
market_vol_regime,4,2026-09-13 12:00:00+00:00,-0.01266826373739717,0.9158864799740792,72
market_vol_regime,4,2026-09-13 13:00:00+00:00,-0.231462928487337,0.047227275774018265,74
market_vol_regime,4,2026-09-13 14:00:00+00:00,-0.4279021810528643,0.00019742451177898405,71
market_vol_regime,4,2026-09-13 15:00:00+00:00,-0.013357643316214548,0.9126071336720708,70
market_vol_regime,4,2026-09-13 16:00:00+00:00,-0.1478250866488768,0.22896880527290203,68
market_vol_regime,4,2026-09-13 17:00:00+00:00,0.015538268862929347,0.9006817332290944,67
market_vol_regime,4,2026-09-13 18:00:00+00:00,0.10758725428749535,0.3718298447318343,71
market_vol_regime,4,2026-09-13 19:00:00+00:00,-0.09803744686738647,0.4228908566502703,69
market_vol_regime,4,2026-09-13 20:00:00+00:00,-0.007844803214008282,0.9517463732342311,62
market_vol_regime,4,2026-09-13 21:00:00+00:00,0.017278554975577436,0.8896241559946088,67
market_vol_regime,4,2026-09-13 22:00:00+00:00,0.04107244541133372,0.743337426045727,66
market_vol_regime,4,2026-09-13 23:00:00+00:00,-0.11238375838377943,0.3689637583461226,66
market_vol_regime,4,2026-09-14 00:00:00+00:00,-0.019741935784188775,0.8749807343969671,66
market_vol_regime,4,2026-09-14 01:00:00+00:00,0.004103474231865784,0.9725142432183984,73
market_vol_regime,4,2026-09-14 02:00:00+00:00,-0.01925461838717383,0.8799639175285535,64
market_vol_regime,4,2026-09-14 03:00:00+00:00,0.1085704702474373,0.37096966298905604,70
market_vol_regime,4,2026-09-14 04:00:00+00:00,0.021422393378050058,0.8592534394052519,71
market_vol_regime,4,2026-09-14 05:00:00+00:00,-0.08603450112764421,0.4887770934009933,67
market_vol_regime,4,2026-09-14 06:00:00+00:00,-0.18343314872345884,0.12032379162126344,73
market_vol_regime,4,2026-09-14 07:00:00+00:00,-0.1495658102265777,0.200284926770187,75
market_vol_regime,4,2026-09-14 08:00:00+00:00,-0.12437251516184356,0.29106686224763745,74
market_vol_regime,4,2026-09-14 09:00:00+00:00,-0.017221427831137365,0.885017988589844,73
market_vol_regime,4,2026-09-14 10:00:00+00:00,0.17662116441102257,0.13223463328199817,74
market_vol_regime,4,2026-09-14 11:00:00+00:00,0.19634525052795493,0.10329957431777484,70
market_vol_regime,4,2026-09-14 12:00:00+00:00,0.22192259807658007,0.05739124925559175,74
market_vol_regime,4,2026-09-14 13:00:00+00:00,0.0024267172460535912,0.9830658803164721,79
market_vol_regime,4,2026-09-14 14:00:00+00:00,0.007514439642838836,0.9496899519192212,73
market_vol_regime,4,2026-09-14 15:00:00+00:00,0.07931621084893431,0.5234608787760494,67
market_vol_regime,4,2026-09-14 16:00:00+00:00,-0.1258772923183607,0.2852228847684348,74
market_vol_regime,4,2026-09-14 17:00:00+00:00,0.11090355844757079,0.34686246132996806,74
market_vol_regime,4,2026-09-14 18:00:00+00:00,0.006561391482014138,0.9551398849925609,76
market_vol_regime,4,2026-09-14 19:00:00+00:00,0.017911415412992626,0.8796059403381397,74
market_vol_regime,4,2026-09-14 20:00:00+00:00,0.08836308595992247,0.45092720690936094,75
market_vol_regime,4,2026-09-14 21:00:00+00:00,-0.10523770528284636,0.38592052266414256,70
market_vol_regime,4,2026-09-14 22:00:00+00:00,-0.11960337983699347,0.3240341904110089,70
market_vol_regime,4,2026-09-14 23:00:00+00:00,-0.051727674334828555,0.6616067538120941,74
market_vol_regime,4,2026-09-15 00:00:00+00:00,-0.1399513806574965,0.23433162374422073,74
market_vol_regime,4,2026-09-15 01:00:00+00:00,-0.026313037666947314,0.8238949277078642,74
market_vol_regime,4,2026-09-15 02:00:00+00:00,0.1058155666214217,0.39408415609804265,67
market_vol_regime,4,2026-09-15 03:00:00+00:00,0.13983388479311384,0.21604383779087952,80
market_vol_regime,4,2026-09-15 04:00:00+00:00,0.3824912600648951,0.0007705650161037059,74
market_vol_regime,4,2026-09-15 05:00:00+00:00,0.3057922545770904,0.008060337028071273,74
market_vol_regime,4,2026-09-15 06:00:00+00:00,0.34203776438564953,0.002668653857415301,75
market_vol_regime,4,2026-09-15 07:00:00+00:00,0.20510564674668885,0.06978682023716462,79
market_vol_regime,4,2026-09-15 08:00:00+00:00,0.3658899938195297,0.001245710644600897,75
market_vol_regime,4,2026-09-15 09:00:00+00:00,0.34754706596440893,0.002249579240708358,75
market_vol_regime,4,2026-09-15 10:00:00+00:00,-0.019539873034273247,0.8642849019561435,79
market_vol_regime,4,2026-09-15 11:00:00+00:00,-0.0028409380956630668,0.9805684043358379,76
market_vol_regime,4,2026-09-15 12:00:00+00:00,-0.06728216961644083,0.558352651878339,78
market_vol_regime,4,2026-09-15 13:00:00+00:00,-0.06413416938387474,0.5598032093060397,85
market_vol_regime,4,2026-09-15 14:00:00+00:00,0.14401599068172946,0.19396688377262017,83
market_vol_regime,4,2026-09-15 15:00:00+00:00,-0.057224143206707836,0.6141304401227637,80
market_vol_regime,4,2026-09-15 16:00:00+00:00,0.057179094404467196,0.6054174879539591,84
market_vol_regime,4,2026-09-15 17:00:00+00:00,0.10420544980627634,0.3671091708958257,77
market_vol_regime,4,2026-09-15 18:00:00+00:00,0.25793135041656823,0.022611539446236784,78
market_vol_regime,4,2026-09-15 19:00:00+00:00,0.11234094778328216,0.3211298052328519,80
market_vol_regime,4,2026-09-15 20:00:00+00:00,0.16608251027623497,0.1334643627265575,83
market_vol_regime,4,2026-09-15 21:00:00+00:00,0.02361514707227379,0.8363384882277118,79
market_vol_regime,4,2026-09-15 22:00:00+00:00,0.04416263149094729,0.6936086806422898,82
market_vol_regime,4,2026-09-15 23:00:00+00:00,0.0356534803244064,0.7662148546409748,72
market_vol_regime,4,2026-09-16 00:00:00+00:00,0.03160609321138546,0.7849499229287105,77
market_vol_regime,4,2026-09-16 01:00:00+00:00,0.26701829711467334,0.02056777510571274,75
market_vol_regime,4,2026-09-16 02:00:00+00:00,0.15891582714954733,0.16185253251189505,79
market_vol_regime,4,2026-09-16 03:00:00+00:00,0.2582358283010907,0.03348708952290142,68
momentum_1h,24,2026-09-07 15:00:00+00:00,-0.3,0.623837664781073,5
momentum_1h,24,2026-09-08 16:00:00+00:00,-0.6,0.28475697986529386,5
momentum_1h,24,2026-09-09 17:00:00+00:00,0.4285714285714286,0.3965014577259473,6
momentum_1h,24,2026-09-09 18:00:00+00:00,-0.8857142857142858,0.01884548104956266,6
momentum_1h,24,2026-09-10 13:00:00+00:00,-0.7380952380952381,0.03655276105286082,8
momentum_1h,24,2026-09-10 14:00:00+00:00,-0.48571428571428577,0.3287230320699708,6
momentum_1h,24,2026-09-10 15:00:00+00:00,-0.3,0.623837664781073,5
momentum_1h,24,2026-09-10 16:00:00+00:00,0.7999999999999999,0.10408803866182788,5
momentum_1h,24,2026-09-10 18:00:00+00:00,-0.21428571428571433,0.6445115810207203,7
momentum_1h,24,2026-09-10 19:00:00+00:00,0.39999999999999997,0.5046315754686912,5
momentum_1h,24,2026-09-11 02:00:00+00:00,0.6,0.28475697986529386,5
momentum_1h,24,2026-09-11 04:00:00+00:00,0.49999999999999994,0.3910022189557703,5
momentum_1h,24,2026-09-11 09:00:00+00:00,0.7,0.1881204043741873,5
momentum_1h,24,2026-09-11 10:00:00+00:00,-0.07142857142857144,0.8665262706759087,8
momentum_1h,24,2026-09-11 11:00:00+00:00,0.3571428571428572,0.3851206435562562,8
momentum_1h,24,2026-09-11 12:00:00+00:00,0.3142857142857143,0.5440932944606415,6
momentum_1h,24,2026-09-11 13:00:00+00:00,0.41818181818181815,0.22911284098281895,10
momentum_1h,24,2026-09-11 14:00:00+00:00,-0.5594405594405596,0.05858947538856764,12
momentum_1h,24,2026-09-11 15:00:00+00:00,-0.44055944055944063,0.1517350357167303,12
momentum_1h,24,2026-09-11 16:00:00+00:00,0.4340659340659341,0.13834237788821255,13
momentum_1h,24,2026-09-11 17:00:00+00:00,-0.43333333333333335,0.24395243588005172,9
momentum_1h,24,2026-09-11 18:00:00+00:00,0.5384615384615384,0.05763443347046608,13
momentum_1h,24,2026-09-11 19:00:00+00:00,0.3626373626373627,0.22331572029248167,13
momentum_1h,24,2026-09-11 20:00:00+00:00,0.28571428571428575,0.49272624501695705,8
momentum_1h,24,2026-09-11 21:00:00+00:00,0.09523809523809526,0.8225054302036114,8
momentum_1h,24,2026-09-11 22:00:00+00:00,-0.48571428571428577,0.3287230320699708,6
momentum_1h,24,2026-09-11 23:00:00+00:00,-0.7,0.1881204043741873,5
momentum_1h,24,2026-09-12 00:00:00+00:00,-0.309090909090909,0.3848412302612833,10
momentum_1h,24,2026-09-12 01:00:00+00:00,-0.1912087912087912,0.5125839704707786,14
momentum_1h,24,2026-09-12 02:00:00+00:00,-0.027972027972027972,0.9312343512018807,12
momentum_1h,24,2026-09-12 03:00:00+00:00,-0.01818181818181818,0.9376501036584044,21
momentum_1h,24,2026-09-12 04:00:00+00:00,0.16691729323308271,0.4818249184315468,20
momentum_1h,24,2026-09-12 05:00:00+00:00,-0.7527472527472527,0.002982233389169849,13
momentum_1h,24,2026-09-12 06:00:00+00:00,-0.4705882352941176,0.06581947250108111,16
momentum_1h,24,2026-09-12 07:00:00+00:00,0.27272727272727276,0.21945507788407653,22
momentum_1h,24,2026-09-12 08:00:00+00:00,-0.39307692307692305,0.051916258415423557,25
momentum_1h,24,2026-09-12 09:00:00+00:00,0.022025422758331106,0.8585026489376887,68
momentum_1h,24,2026-09-12 10:00:00+00:00,0.0291520979020979,0.8176874826465657,65
momentum_1h,24,2026-09-12 11:00:00+00:00,0.10904720279720279,0.38720862644323567,65
momentum_1h,24,2026-09-12 12:00:00+00:00,-0.15598776223776223,0.21467090058801946,65
momentum_1h,24,2026-09-12 13:00:00+00:00,0.12087173579109062,0.3453517347383654,63
momentum_1h,24,2026-09-12 14:00:00+00:00,-0.015444169526698063,0.901280185659081,67
momentum_1h,24,2026-09-12 15:00:00+00:00,0.0010052447552447552,0.9936590493688245,65
momentum_1h,24,2026-09-12 16:00:00+00:00,0.23987135176651306,0.05828600343613624,63
momentum_1h,24,2026-09-12 17:00:00+00:00,-0.2305107526881721,0.0691335007185804,63
momentum_1h,24,2026-09-12 18:00:00+00:00,-0.06878650227125242,0.5772728971071422,68
momentum_1h,24,2026-09-12 19:00:00+00:00,-0.025112201231604223,0.8413663846640324,66
momentum_1h,24,2026-09-12 20:00:00+00:00,-0.04318702626476291,0.7389153233122036,62
momentum_1h,24,2026-09-12 21:00:00+00:00,0.10490940970192872,0.42907903598081387,59
momentum_1h,24,2026-09-12 22:00:00+00:00,0.05315011667098782,0.6945689534148676,57
momentum_1h,24,2026-09-12 23:00:00+00:00,-0.06911932080346982,0.6061650101210998,58
momentum_1h,24,2026-09-13 00:00:00+00:00,0.07299517056815037,0.586069659546094,58
momentum_1h,24,2026-09-13 01:00:00+00:00,0.0731887890005288,0.5751045338716781,61
momentum_1h,24,2026-09-13 02:00:00+00:00,-0.016949152542372885,0.8995102968887595,58
momentum_1h,24,2026-09-13 03:00:00+00:00,-0.16859308503940976,0.19023437256988077,62
momentum_1h,24,2026-09-13 04:00:00+00:00,0.06276223776223776,0.6194166152059544,65
momentum_1h,24,2026-09-13 05:00:00+00:00,-0.041666666666666664,0.7437392744659966,64
momentum_1h,24,2026-09-13 06:00:00+00:00,0.13892089093701998,0.27754740694037566,63
momentum_1h,24,2026-09-13 07:00:00+00:00,0.16565582754841068,0.17372820577366804,69
momentum_1h,24,2026-09-13 08:00:00+00:00,0.08994885711303624,0.4726070396318749,66
momentum_1h,24,2026-09-13 09:00:00+00:00,-0.08827520153244474,0.4774844518963068,67
momentum_1h,24,2026-09-13 10:00:00+00:00,0.14788732394366197,0.2184040824259182,71
momentum_1h,24,2026-09-13 11:00:00+00:00,0.038049450549450546,0.7653182800085687,64
momentum_1h,24,2026-09-13 12:00:00+00:00,-0.20146145414687616,0.09692252025273199,69
momentum_1h,24,2026-09-13 13:00:00+00:00,0.028490578172229726,0.8122163384928599,72
momentum_1h,24,2026-09-13 14:00:00+00:00,0.0830359126249537,0.48183317059547104,74
momentum_1h,24,2026-09-13 15:00:00+00:00,0.22561198392400442,0.06232910364794608,69
momentum_1h,24,2026-09-13 16:00:00+00:00,0.291789136160629,0.015763802361280686,68
momentum_1h,24,2026-09-13 17:00:00+00:00,0.13199195171026154,0.2725313658241012,71
momentum_1h,24,2026-09-13 18:00:00+00:00,-0.15329999618276902,0.21199450029608985,68
momentum_1h,24,2026-09-13 19:00:00+00:00,0.04439973172367538,0.7131270827123487,71
momentum_1h,24,2026-09-13 20:00:00+00:00,0.04728302611367128,0.7128821780618603,63
momentum_1h,24,2026-09-13 21:00:00+00:00,-0.1293269230769231,0.30453557327394964,65
momentum_1h,24,2026-09-13 22:00:00+00:00,-0.21471774193548387,0.09104437949927785,63
momentum_1h,24,2026-09-13 23:00:00+00:00,-0.2229458041958042,0.074243137288,65
momentum_1h,24,2026-09-14 00:00:00+00:00,-0.0496562665256478,0.7039163797054138,61
momentum_1h,24,2026-09-14 01:00:00+00:00,0.032517482517482516,0.7970664765953369,65
momentum_1h,24,2026-09-14 02:00:00+00:00,0.00772436787996666,0.9532907019954566,60
momentum_1h,24,2026-09-14 03:00:00+00:00,-0.08710664335664335,0.4902174940909627,65
momentum_1h,24,2026-09-14 04:00:00+00:00,-0.11905943428636864,0.3335278898120745,68
momentum_1h,24,2026-09-14 05:00:00+00:00,-0.043592777798984614,0.7241045476869273,68
momentum_1h,24,2026-09-14 06:00:00+00:00,-0.16031468531468532,0.20206547788095025,65
momentum_1h,24,2026-09-14 07:00:00+00:00,-0.16967482645232007,0.16337623498647785,69
momentum_1h,24,2026-09-14 08:00:00+00:00,0.32520552318620805,0.007247756228925983,67
momentum_1h,24,2026-09-14 09:00:00+00:00,0.012420415405490035,0.921154324012748,66
momentum_1h,24,2026-09-14 10:00:00+00:00,0.22827041264266903,0.06317988694976735,67
momentum_1h,24,2026-09-14 11:00:00+00:00,-0.008555681917592511,0.9439593779878664,70
momentum_1h,24,2026-09-14 12:00:00+00:00,-0.2638088330724892,0.029723313673803212,68
momentum_1h,24,2026-09-14 13:00:00+00:00,-0.01647537948907812,0.889967388136293,73
momentum_1h,24,2026-09-14 14:00:00+00:00,-0.2561630653486134,0.032316131324437294,70
momentum_1h,24,2026-09-14 15:00:00+00:00,-0.13854585312385825,0.2562458997766631,69
momentum_1h,24,2026-09-14 16:00:00+00:00,-0.11092873229759131,0.3678189992063791,68
momentum_1h,24,2026-09-14 17:00:00+00:00,-0.10154757497223249,0.38929210413204896,74
momentum_1h,24,2026-09-14 18:00:00+00:00,0.18557610241820768,0.11093096023639959,75
momentum_1h,24,2026-09-14 19:00:00+00:00,0.2607563187343238,0.026946487121732345,72
momentum_1h,24,2026-09-14 20:00:00+00:00,-0.25552264593360485,0.02911951833591425,73
momentum_1h,24,2026-09-14 21:00:00+00:00,0.38169014084507036,0.0010220449902067147,71
momentum_1h,24,2026-09-14 22:00:00+00:00,0.16174643770551703,0.18424966448444066,69
momentum_1h,24,2026-09-14 23:00:00+00:00,0.20630449362843725,0.08432605219463542,71
momentum_1h,24,2026-09-15 00:00:00+00:00,0.14969818913480884,0.21275525063051762,71
momentum_1h,24,2026-09-15 01:00:00+00:00,0.09890648237249584,0.4152948808108897,70
momentum_1h,24,2026-09-15 02:00:00+00:00,0.11100507691720424,0.36748736824242656,68
momentum_1h,24,2026-09-15 03:00:00+00:00,0.26488095238095244,0.035908766922176275,63
momentum_1h,24,2026-09-15 04:00:00+00:00,0.1306505700871898,0.2774773876116517,71
momentum_1h,24,2026-09-15 05:00:00+00:00,0.035423903500400804,0.7742752053230664,68
momentum_1h,24,2026-09-15 06:00:00+00:00,0.21624613505363208,0.07653199365440648,68
momentum_1h,24,2026-09-15 07:00:00+00:00,-0.15826612903225806,0.2153941455968601,63
momentum_4h,24,2026-09-10 15:00:00+00:00,-0.3214285714285715,0.4820720382996776,7
momentum_4h,24,2026-09-10 17:00:00+00:00,-0.19999999999999998,0.7470600781046621,5
momentum_4h,24,2026-09-10 18:00:00+00:00,0.07142857142857144,0.8790481931481541,7
momentum_4h,24,2026-09-11 09:00:00+00:00,0.39999999999999997,0.5046315754686912,5
momentum_4h,24,2026-09-11 10:00:00+00:00,0.7,0.1881204043741873,5
momentum_4h,24,2026-09-11 11:00:00+00:00,0.2571428571428572,0.6227871720116619,6
momentum_4h,24,2026-09-11 12:00:00+00:00,0.7999999999999999,0.10408803866182788,5
momentum_4h,24,2026-09-11 13:00:00+00:00,-0.14285714285714288,0.7357648598798119,8
momentum_4h,24,2026-09-11 14:00:00+00:00,-0.08571428571428573,0.8717434402332361,6
momentum_4h,24,2026-09-11 15:00:00+00:00,-0.5666666666666667,0.1116329876114912,9
momentum_4h,24,2026-09-11 16:00:00+00:00,0.21428571428571433,0.6445115810207203,7
momentum_4h,24,2026-09-11 17:00:00+00:00,0.03571428571428572,0.9394082054712856,7
momentum_4h,24,2026-09-11 18:00:00+00:00,0.5818181818181819,0.06041989621564836,11
momentum_4h,24,2026-09-11 19:00:00+00:00,0.27472527472527475,0.34182974371948144,14
momentum_4h,24,2026-09-11 20:00:00+00:00,0.39999999999999997,0.5046315754686912,5
momentum_4h,24,2026-09-11 21:00:00+00:00,0.4761904761904762,0.23293553465009806,8
momentum_4h,24,2026-09-11 22:00:00+00:00,-0.6,0.28475697986529386,5
momentum_4h,24,2026-09-11 23:00:00+00:00,0.261904761904762,0.5309228615658009,8
momentum_4h,24,2026-09-12 00:00:00+00:00,0.48571428571428577,0.3287230320699708,6
momentum_4h,24,2026-09-12 01:00:00+00:00,0.33333333333333337,0.38071318167686347,9
momentum_4h,24,2026-09-12 02:00:00+00:00,-0.7833333333333333,0.012519873019449885,9
momentum_4h,24,2026-09-12 03:00:00+00:00,-0.23076923076923078,0.4481273823153657,13
momentum_4h,24,2026-09-12 04:00:00+00:00,-0.1043956043956044,0.7343037452877025,13
momentum_4h,24,2026-09-12 05:00:00+00:00,0.08181818181818183,0.810990394300046,11
momentum_4h,24,2026-09-12 06:00:00+00:00,-0.45717234262125905,0.05646162510203341,18
momentum_4h,24,2026-09-12 07:00:00+00:00,-0.45510835913312697,0.057728571599671576,18
momentum_4h,24,2026-09-12 08:00:00+00:00,-0.6160990712074303,0.006477968358240651,18
momentum_4h,24,2026-09-12 09:00:00+00:00,-0.45,0.08029573654339643,16
momentum_4h,24,2026-09-12 10:00:00+00:00,-0.23122529644268777,0.28844106958289334,23
momentum_4h,24,2026-09-12 11:00:00+00:00,-0.29739130434782607,0.1581542605953959,24
momentum_4h,24,2026-09-12 12:00:00+00:00,0.11803955453149001,0.3568546908228274,63
momentum_4h,24,2026-09-12 13:00:00+00:00,-0.010735094580573073,0.9312920425148766,67
momentum_4h,24,2026-09-12 14:00:00+00:00,-0.10699300699300698,0.3962672032029709,65
momentum_4h,24,2026-09-12 15:00:00+00:00,-0.08276324614352781,0.49260232558688516,71
momentum_4h,24,2026-09-12 16:00:00+00:00,0.14828133262823903,0.25408909450552053,61
momentum_4h,24,2026-09-12 17:00:00+00:00,0.18442751278572178,0.13822914893623248,66
momentum_4h,24,2026-09-12 18:00:00+00:00,0.21182855774602924,0.08527820934465367,67
momentum_4h,24,2026-09-12 19:00:00+00:00,-0.021153846153846155,0.8671676383491319,65
momentum_4h,24,2026-09-12 20:00:00+00:00,-0.11248016922263351,0.38810038043241607,61
momentum_4h,24,2026-09-12 21:00:00+00:00,0.06715371127995326,0.6133116034261838,59
momentum_4h,24,2026-09-12 22:00:00+00:00,-0.1028027498677948,0.4304647269487568,61
momentum_4h,24,2026-09-12 23:00:00+00:00,-0.1392168322618352,0.2929847489715867,59
momentum_4h,24,2026-09-13 00:00:00+00:00,0.10123350456796582,0.449568907640672,58
momentum_4h,24,2026-09-13 01:00:00+00:00,-0.019345412039742844,0.8843720660026724,59
momentum_4h,24,2026-09-13 02:00:00+00:00,0.1405418480890179,0.31549644005818567,53
momentum_4h,24,2026-09-13 03:00:00+00:00,-0.012281189219227565,0.9257986914264423,60
momentum_4h,24,2026-09-13 04:00:00+00:00,-0.07524312308974718,0.5677412363190713,60
momentum_4h,24,2026-09-13 05:00:00+00:00,-0.0876079675656619,0.4983483367241925,62
momentum_4h,24,2026-09-13 06:00:00+00:00,-0.06182795698924731,0.6302478389809136,63
momentum_4h,24,2026-09-13 07:00:00+00:00,0.11329541550559222,0.3576232210644583,68
momentum_4h,24,2026-09-13 08:00:00+00:00,0.30201048951048953,0.014484002429974602,65
momentum_4h,24,2026-09-13 09:00:00+00:00,0.2544871794871794,0.04242615597996634,64
momentum_4h,24,2026-09-13 10:00:00+00:00,0.23606019679722173,0.04590227435474269,72
momentum_4h,24,2026-09-13 11:00:00+00:00,0.04152930402930402,0.7445552720494959,64
momentum_4h,24,2026-09-13 12:00:00+00:00,-0.1326921542022508,0.28442391890858976,67
momentum_4h,24,2026-09-13 13:00:00+00:00,-0.11277382645803699,0.3353850575104303,75
momentum_4h,24,2026-09-13 14:00:00+00:00,0.008345726533111714,0.9453324753771999,70
momentum_4h,24,2026-09-13 15:00:00+00:00,0.040322580645161296,0.7536963361995944,63
momentum_4h,24,2026-09-13 16:00:00+00:00,0.15083041958041957,0.23040577559005937,65
momentum_4h,24,2026-09-13 17:00:00+00:00,0.29839034205231385,0.011487192596606953,71
momentum_4h,24,2026-09-13 18:00:00+00:00,0.28270412642669,0.01949718276957888,68
momentum_4h,24,2026-09-13 19:00:00+00:00,0.12123872615531968,0.32841208865011784,67
momentum_4h,24,2026-09-13 20:00:00+00:00,0.08094405594405595,0.5215340386564268,65
momentum_4h,24,2026-09-13 21:00:00+00:00,-0.015952797202797204,0.899630612339846,65
momentum_4h,24,2026-09-13 22:00:00+00:00,0.008085664335664334,0.9490300588680044,65
momentum_4h,24,2026-09-13 23:00:00+00:00,-0.21905594405594406,0.0795712262768512,65
momentum_4h,24,2026-09-14 00:00:00+00:00,-0.21168907071887788,0.10750193931088005,59
momentum_4h,24,2026-09-14 01:00:00+00:00,-0.17548076923076922,0.16205419183878644,65
momentum_4h,24,2026-09-14 02:00:00+00:00,0.17440093512565755,0.18647232330475447,59
momentum_4h,24,2026-09-14 03:00:00+00:00,0.1964285714285714,0.1197900965055578,64
momentum_4h,24,2026-09-14 04:00:00+00:00,0.04500012590969756,0.7283686834544649,62
momentum_4h,24,2026-09-14 05:00:00+00:00,0.037851662404092073,0.7574842314698308,69
momentum_4h,24,2026-09-14 06:00:00+00:00,0.005263157894736842,0.9692907946088704,56
momentum_4h,24,2026-09-14 07:00:00+00:00,-0.1627178791357896,0.19176074408460106,66
momentum_4h,24,2026-09-14 08:00:00+00:00,0.02164369966026644,0.8609303106214498,68
momentum_4h,24,2026-09-14 09:00:00+00:00,-0.021121351766513058,0.8694896926916882,63
momentum_4h,24,2026-09-14 10:00:00+00:00,0.23511143587869934,0.0518162178283503,69
momentum_4h,24,2026-09-14 11:00:00+00:00,0.1761782974059189,0.14759886524612803,69
momentum_4h,24,2026-09-14 12:00:00+00:00,-0.18756484954904626,0.1285319523943741,67
momentum_4h,24,2026-09-14 13:00:00+00:00,-0.09334266468375468,0.44214313429744434,70
momentum_4h,24,2026-09-14 14:00:00+00:00,-0.1671361502347418,0.1635781400700182,71
momentum_4h,24,2026-09-14 15:00:00+00:00,-0.26911478413558804,0.02647666004758964,68
momentum_4h,24,2026-09-14 16:00:00+00:00,-0.3091884641180416,0.008699322158641448,71
momentum_4h,24,2026-09-14 17:00:00+00:00,-0.3330298719772404,0.0035057859828696463,75
momentum_4h,24,2026-09-14 18:00:00+00:00,-0.1583005687674161,0.19728496916213573,68
momentum_4h,24,2026-09-14 19:00:00+00:00,-0.05072232420783782,0.6835457618686307,67
momentum_4h,24,2026-09-14 20:00:00+00:00,-0.08846228053251014,0.4599429843116789,72
momentum_4h,24,2026-09-14 21:00:00+00:00,0.07598926894701542,0.5287970701873053,71
momentum_4h,24,2026-09-14 22:00:00+00:00,0.18936955063715624,0.11372229205671266,71
momentum_4h,24,2026-09-14 23:00:00+00:00,0.18944917356949267,0.1217852624443776,68
momentum_4h,24,2026-09-15 00:00:00+00:00,0.4333942272561199,0.00019934247662980358,69
momentum_4h,24,2026-09-15 01:00:00+00:00,0.4118028781921593,0.0004847662269765204,68
momentum_4h,24,2026-09-15 02:00:00+00:00,0.3057727438801608,0.010617220557287622,69
momentum_4h,24,2026-09-15 03:00:00+00:00,0.2740495391705069,0.029747321517954815,63
momentum_4h,24,2026-09-15 04:00:00+00:00,0.21294228159899806,0.08604372884723485,66
momentum_4h,24,2026-09-15 05:00:00+00:00,0.2797480535386231,0.01900485782670323,70
momentum_4h,24,2026-09-15 06:00:00+00:00,0.17593125960061445,0.1678230367409313,63
momentum_4h,24,2026-09-15 07:00:00+00:00,0.20334101382488484,0.10995439260004365,63
momentum_24h,24,2026-09-09 13:00:00+00:00,-0.7,0.1881204043741873,5
momentum_24h,24,2026-09-09 17:00:00+00:00,0.7,0.1881204043741873,5
momentum_24h,24,2026-09-10 15:00:00+00:00,-0.8999999999999998,0.03738607346849874,5
momentum_24h,24,2026-09-10 17:00:00+00:00,-0.028571428571428574,0.9571545189504373,6
momentum_24h,24,2026-09-10 18:00:00+00:00,-0.39999999999999997,0.5046315754686912,5
momentum_24h,24,2026-09-11 11:00:00+00:00,0.0,1.0,5
momentum_24h,24,2026-09-11 12:00:00+00:00,0.8999999999999998,0.03738607346849874,5
momentum_24h,24,2026-09-11 13:00:00+00:00,0.19999999999999998,0.7470600781046621,5
momentum_24h,24,2026-09-11 15:00:00+00:00,0.0,1.0,7
momentum_24h,24,2026-09-11 18:00:00+00:00,0.3,0.623837664781073,5
momentum_24h,24,2026-09-12 03:00:00+00:00,0.028571428571428574,0.9571545189504373,6
momentum_24h,24,2026-09-12 04:00:00+00:00,-0.07142857142857144,0.8790481931481541,7
momentum_24h,24,2026-09-12 08:00:00+00:00,-0.39999999999999997,0.5046315754686912,5
momentum_24h,24,2026-09-12 09:00:00+00:00,-0.2333333333333333,0.5456987782182728,9
momentum_24h,24,2026-09-12 10:00:00+00:00,0.08571428571428573,0.8717434402332361,6
momentum_24h,24,2026-09-12 11:00:00+00:00,0.16666666666666669,0.668231040071504,9
momentum_24h,24,2026-09-12 12:00:00+00:00,-0.3142857142857143,0.5440932944606415,6
momentum_24h,24,2026-09-12 13:00:00+00:00,0.10303030303030303,0.7769984634438898,10
momentum_24h,24,2026-09-12 14:00:00+00:00,-0.03571428571428572,0.9394082054712856,7
momentum_24h,24,2026-09-12 15:00:00+00:00,0.05454545454545456,0.873446577523315,11
momentum_24h,24,2026-09-12 16:00:00+00:00,0.6242424242424242,0.053717767217167436,10
momentum_24h,24,2026-09-12 17:00:00+00:00,0.5,0.25316999510032256,7
momentum_24h,24,2026-09-12 18:00:00+00:00,0.40659340659340654,0.1679783461478964,13
momentum_24h,24,2026-09-12 19:00:00+00:00,0.5272727272727272,0.11730806555020232,10
momentum_24h,24,2026-09-12 20:00:00+00:00,0.30952380952380953,0.4556448907375821,8
momentum_24h,24,2026-09-12 21:00:00+00:00,-0.5,0.25316999510032256,7
momentum_24h,24,2026-09-12 22:00:00+00:00,0.028571428571428574,0.9571545189504373,6
momentum_24h,24,2026-09-12 23:00:00+00:00,-0.6428571428571429,0.08555889101267328,8
momentum_24h,24,2026-09-13 00:00:00+00:00,-0.4666666666666666,0.2053863511058121,9
momentum_24h,24,2026-09-13 01:00:00+00:00,-0.5664335664335665,0.054842119775407906,12
momentum_24h,24,2026-09-13 02:00:00+00:00,-0.027972027972027972,0.9312343512018807,12
momentum_24h,24,2026-09-13 03:00:00+00:00,-0.30637254901960786,0.23168960494057986,17
momentum_24h,24,2026-09-13 04:00:00+00:00,-0.4666666666666667,0.043987700236935844,19
momentum_24h,24,2026-09-13 05:00:00+00:00,-0.38461538461538464,0.1745087507750955,14
momentum_24h,24,2026-09-13 06:00:00+00:00,-0.31729323308270674,0.17283688640714231,20
momentum_24h,24,2026-09-13 07:00:00+00:00,-0.12076923076923077,0.5652622451028121,25
momentum_24h,24,2026-09-13 08:00:00+00:00,0.02306648575305292,0.8541413425677694,66
momentum_24h,24,2026-09-13 09:00:00+00:00,-0.030881398633431305,0.8025928490433566,68
momentum_24h,24,2026-09-13 10:00:00+00:00,-0.046872539585338116,0.7000044011884149,70
momentum_24h,24,2026-09-13 11:00:00+00:00,0.0696586995094458,0.5783659511967202,66
momentum_24h,24,2026-09-13 12:00:00+00:00,0.1125915750915751,0.3757247301800102,64
momentum_24h,24,2026-09-13 13:00:00+00:00,0.09054325955734406,0.45601040787880237,70
momentum_24h,24,2026-09-13 14:00:00+00:00,0.15367132867132868,0.22164208353401274,65
momentum_24h,24,2026-09-13 15:00:00+00:00,0.1768291410082455,0.15550904799276577,66
momentum_24h,24,2026-09-13 16:00:00+00:00,0.14439324116743474,0.2588706525520655,63
momentum_24h,24,2026-09-13 17:00:00+00:00,0.0939985387746582,0.4528202982097121,66
momentum_24h,24,2026-09-13 18:00:00+00:00,-0.03263732488452876,0.7916142948574235,68
momentum_24h,24,2026-09-13 19:00:00+00:00,-0.07421328671328671,0.5568489594689177,65
momentum_24h,24,2026-09-13 20:00:00+00:00,-0.1455843469063987,0.26292519688562005,61
momentum_24h,24,2026-09-13 21:00:00+00:00,-0.049432464855886066,0.7125029423104788,58
momentum_24h,24,2026-09-13 22:00:00+00:00,-0.05483870967741934,0.6746611934300605,61
momentum_24h,24,2026-09-13 23:00:00+00:00,-0.204500292226768,0.12026616472546628,59
momentum_24h,24,2026-09-14 00:00:00+00:00,-0.14577501614937402,0.2748914738361649,58
momentum_24h,24,2026-09-14 01:00:00+00:00,-0.08000302183274156,0.5364985808617784,62
momentum_24h,24,2026-09-14 02:00:00+00:00,0.15223476575717496,0.253948420456502,58
momentum_24h,24,2026-09-14 03:00:00+00:00,0.1449437305451353,0.24188806708446603,67
momentum_24h,24,2026-09-14 04:00:00+00:00,0.15930944055944055,0.20494594810716693,65
momentum_24h,24,2026-09-14 05:00:00+00:00,-0.020737327188940093,0.871842415723777,63
momentum_24h,24,2026-09-14 06:00:00+00:00,-0.038921205711263875,0.7658493939150034,61
momentum_24h,24,2026-09-14 07:00:00+00:00,-0.09302591899835858,0.450532481915859,68
momentum_24h,24,2026-09-14 08:00:00+00:00,-0.007604895104895105,0.9520570289905658,65
momentum_24h,24,2026-09-14 09:00:00+00:00,-0.18363427617158964,0.1399624598267715,66
momentum_24h,24,2026-09-14 10:00:00+00:00,0.04704482603382854,0.6947482034954706,72
momentum_24h,24,2026-09-14 11:00:00+00:00,0.009264592933947774,0.9425506570694503,63
momentum_24h,24,2026-09-14 12:00:00+00:00,-0.2153219914413945,0.08251230206722812,66
momentum_24h,24,2026-09-14 13:00:00+00:00,-0.17577193631988147,0.13413460273321923,74
momentum_24h,24,2026-09-14 14:00:00+00:00,-0.18165660630449362,0.12948352585099757,71
momentum_24h,24,2026-09-14 15:00:00+00:00,-0.09825552544184447,0.4253663992863132,68
momentum_24h,24,2026-09-14 16:00:00+00:00,-0.18237688562534923,0.1396366223176385,67
momentum_24h,24,2026-09-14 17:00:00+00:00,-0.18829644533869885,0.11582209355446757,71
momentum_24h,24,2026-09-14 18:00:00+00:00,-0.18702959444647427,0.12384930869007663,69
momentum_24h,24,2026-09-14 19:00:00+00:00,-0.1351587787595136,0.2645991745336672,70
momentum_24h,24,2026-09-14 20:00:00+00:00,-0.19211429483598055,0.11935732498893904,67
momentum_24h,24,2026-09-14 21:00:00+00:00,0.0170128379083603,0.8921517873842201,66
momentum_24h,24,2026-09-14 22:00:00+00:00,-0.15743514797223238,0.19637892812879804,69
momentum_24h,24,2026-09-14 23:00:00+00:00,-0.2684877622377622,0.030580212407372992,65
momentum_24h,24,2026-09-15 00:00:00+00:00,-0.009571655208884186,0.941637336946911,61
momentum_24h,24,2026-09-15 01:00:00+00:00,-0.007382871737568842,0.9527171917399991,67
momentum_24h,24,2026-09-15 02:00:00+00:00,0.050978318350079314,0.6964106026837975,61
momentum_24h,24,2026-09-15 03:00:00+00:00,0.1920148069804336,0.13820942892856672,61
momentum_24h,24,2026-09-15 04:00:00+00:00,0.18168706293706294,0.1474850488333065,65
momentum_24h,24,2026-09-15 05:00:00+00:00,0.10979020979020979,0.3839627210089361,65
momentum_24h,24,2026-09-15 06:00:00+00:00,0.1779607665382388,0.16641309697402182,62
momentum_24h,24,2026-09-15 07:00:00+00:00,0.09716117216117215,0.4449987623878693,64
reversal_1h,24,2026-09-07 15:00:00+00:00,0.3,0.623837664781073,5
reversal_1h,24,2026-09-08 16:00:00+00:00,0.6,0.28475697986529386,5
reversal_1h,24,2026-09-09 17:00:00+00:00,-0.4285714285714286,0.3965014577259473,6
reversal_1h,24,2026-09-09 18:00:00+00:00,0.8857142857142858,0.01884548104956266,6
reversal_1h,24,2026-09-10 13:00:00+00:00,0.7380952380952381,0.03655276105286082,8
reversal_1h,24,2026-09-10 14:00:00+00:00,0.48571428571428577,0.3287230320699708,6
reversal_1h,24,2026-09-10 15:00:00+00:00,0.3,0.623837664781073,5
reversal_1h,24,2026-09-10 16:00:00+00:00,-0.7999999999999999,0.10408803866182788,5
reversal_1h,24,2026-09-10 18:00:00+00:00,0.21428571428571433,0.6445115810207203,7
reversal_1h,24,2026-09-10 19:00:00+00:00,-0.39999999999999997,0.5046315754686912,5
reversal_1h,24,2026-09-11 02:00:00+00:00,-0.6,0.28475697986529386,5
reversal_1h,24,2026-09-11 04:00:00+00:00,-0.49999999999999994,0.3910022189557703,5
reversal_1h,24,2026-09-11 09:00:00+00:00,-0.7,0.1881204043741873,5
reversal_1h,24,2026-09-11 10:00:00+00:00,0.07142857142857144,0.8665262706759087,8
reversal_1h,24,2026-09-11 11:00:00+00:00,-0.3571428571428572,0.3851206435562562,8
reversal_1h,24,2026-09-11 12:00:00+00:00,-0.3142857142857143,0.5440932944606415,6
reversal_1h,24,2026-09-11 13:00:00+00:00,-0.41818181818181815,0.22911284098281895,10
reversal_1h,24,2026-09-11 14:00:00+00:00,0.5594405594405596,0.05858947538856764,12
reversal_1h,24,2026-09-11 15:00:00+00:00,0.44055944055944063,0.1517350357167303,12
reversal_1h,24,2026-09-11 16:00:00+00:00,-0.4340659340659341,0.13834237788821255,13
reversal_1h,24,2026-09-11 17:00:00+00:00,0.43333333333333335,0.24395243588005172,9
reversal_1h,24,2026-09-11 18:00:00+00:00,-0.5384615384615384,0.05763443347046608,13
reversal_1h,24,2026-09-11 19:00:00+00:00,-0.3626373626373627,0.22331572029248167,13
reversal_1h,24,2026-09-11 20:00:00+00:00,-0.28571428571428575,0.49272624501695705,8
reversal_1h,24,2026-09-11 21:00:00+00:00,-0.09523809523809526,0.8225054302036114,8
reversal_1h,24,2026-09-11 22:00:00+00:00,0.48571428571428577,0.3287230320699708,6
reversal_1h,24,2026-09-11 23:00:00+00:00,0.7,0.1881204043741873,5
reversal_1h,24,2026-09-12 00:00:00+00:00,0.309090909090909,0.3848412302612833,10
reversal_1h,24,2026-09-12 01:00:00+00:00,0.1912087912087912,0.5125839704707786,14
reversal_1h,24,2026-09-12 02:00:00+00:00,0.027972027972027972,0.9312343512018807,12
reversal_1h,24,2026-09-12 03:00:00+00:00,0.01818181818181818,0.9376501036584044,21
reversal_1h,24,2026-09-12 04:00:00+00:00,-0.16691729323308271,0.4818249184315468,20
reversal_1h,24,2026-09-12 05:00:00+00:00,0.7527472527472527,0.002982233389169849,13
reversal_1h,24,2026-09-12 06:00:00+00:00,0.4705882352941176,0.06581947250108111,16
reversal_1h,24,2026-09-12 07:00:00+00:00,-0.27272727272727276,0.21945507788407653,22
reversal_1h,24,2026-09-12 08:00:00+00:00,0.39307692307692305,0.051916258415423557,25
reversal_1h,24,2026-09-12 09:00:00+00:00,-0.022025422758331106,0.8585026489376887,68
reversal_1h,24,2026-09-12 10:00:00+00:00,-0.0291520979020979,0.8176874826465657,65
reversal_1h,24,2026-09-12 11:00:00+00:00,-0.10904720279720279,0.38720862644323567,65
reversal_1h,24,2026-09-12 12:00:00+00:00,0.15598776223776223,0.21467090058801946,65
reversal_1h,24,2026-09-12 13:00:00+00:00,-0.12087173579109062,0.3453517347383654,63
reversal_1h,24,2026-09-12 14:00:00+00:00,0.015444169526698063,0.901280185659081,67
reversal_1h,24,2026-09-12 15:00:00+00:00,-0.0010052447552447552,0.9936590493688245,65
reversal_1h,24,2026-09-12 16:00:00+00:00,-0.23987135176651306,0.05828600343613624,63
reversal_1h,24,2026-09-12 17:00:00+00:00,0.2305107526881721,0.0691335007185804,63
reversal_1h,24,2026-09-12 18:00:00+00:00,0.06878650227125242,0.5772728971071422,68
reversal_1h,24,2026-09-12 19:00:00+00:00,0.025112201231604223,0.8413663846640324,66
reversal_1h,24,2026-09-12 20:00:00+00:00,0.04318702626476291,0.7389153233122036,62
reversal_1h,24,2026-09-12 21:00:00+00:00,-0.10490940970192872,0.42907903598081387,59
reversal_1h,24,2026-09-12 22:00:00+00:00,-0.05315011667098782,0.6945689534148676,57
reversal_1h,24,2026-09-12 23:00:00+00:00,0.06911932080346982,0.6061650101210998,58
reversal_1h,24,2026-09-13 00:00:00+00:00,-0.07299517056815037,0.586069659546094,58
reversal_1h,24,2026-09-13 01:00:00+00:00,-0.0731887890005288,0.5751045338716781,61
reversal_1h,24,2026-09-13 02:00:00+00:00,0.016949152542372885,0.8995102968887595,58
reversal_1h,24,2026-09-13 03:00:00+00:00,0.16859308503940976,0.19023437256988077,62
reversal_1h,24,2026-09-13 04:00:00+00:00,-0.06276223776223776,0.6194166152059544,65
reversal_1h,24,2026-09-13 05:00:00+00:00,0.041666666666666664,0.7437392744659966,64
reversal_1h,24,2026-09-13 06:00:00+00:00,-0.13892089093701998,0.27754740694037566,63
reversal_1h,24,2026-09-13 07:00:00+00:00,-0.16565582754841068,0.17372820577366804,69
reversal_1h,24,2026-09-13 08:00:00+00:00,-0.08994885711303624,0.4726070396318749,66
reversal_1h,24,2026-09-13 09:00:00+00:00,0.08827520153244474,0.4774844518963068,67
reversal_1h,24,2026-09-13 10:00:00+00:00,-0.14788732394366197,0.2184040824259182,71
reversal_1h,24,2026-09-13 11:00:00+00:00,-0.038049450549450546,0.7653182800085687,64
reversal_1h,24,2026-09-13 12:00:00+00:00,0.20146145414687616,0.09692252025273199,69
reversal_1h,24,2026-09-13 13:00:00+00:00,-0.028490578172229726,0.8122163384928599,72
reversal_1h,24,2026-09-13 14:00:00+00:00,-0.0830359126249537,0.48183317059547104,74
reversal_1h,24,2026-09-13 15:00:00+00:00,-0.22561198392400442,0.06232910364794608,69
reversal_1h,24,2026-09-13 16:00:00+00:00,-0.291789136160629,0.015763802361280686,68
reversal_1h,24,2026-09-13 17:00:00+00:00,-0.13199195171026154,0.2725313658241012,71
reversal_1h,24,2026-09-13 18:00:00+00:00,0.15329999618276902,0.21199450029608985,68
reversal_1h,24,2026-09-13 19:00:00+00:00,-0.04439973172367538,0.7131270827123487,71
reversal_1h,24,2026-09-13 20:00:00+00:00,-0.04728302611367128,0.7128821780618603,63
reversal_1h,24,2026-09-13 21:00:00+00:00,0.1293269230769231,0.30453557327394964,65
reversal_1h,24,2026-09-13 22:00:00+00:00,0.21471774193548387,0.09104437949927785,63
reversal_1h,24,2026-09-13 23:00:00+00:00,0.2229458041958042,0.074243137288,65
reversal_1h,24,2026-09-14 00:00:00+00:00,0.0496562665256478,0.7039163797054138,61
reversal_1h,24,2026-09-14 01:00:00+00:00,-0.032517482517482516,0.7970664765953369,65
reversal_1h,24,2026-09-14 02:00:00+00:00,-0.00772436787996666,0.9532907019954566,60
reversal_1h,24,2026-09-14 03:00:00+00:00,0.08710664335664335,0.4902174940909627,65
reversal_1h,24,2026-09-14 04:00:00+00:00,0.11905943428636864,0.3335278898120745,68
reversal_1h,24,2026-09-14 05:00:00+00:00,0.043592777798984614,0.7241045476869273,68
reversal_1h,24,2026-09-14 06:00:00+00:00,0.16031468531468532,0.20206547788095025,65
reversal_1h,24,2026-09-14 07:00:00+00:00,0.16967482645232007,0.16337623498647785,69
reversal_1h,24,2026-09-14 08:00:00+00:00,-0.32520552318620805,0.007247756228925983,67
reversal_1h,24,2026-09-14 09:00:00+00:00,-0.012420415405490035,0.921154324012748,66
reversal_1h,24,2026-09-14 10:00:00+00:00,-0.22827041264266903,0.06317988694976735,67
reversal_1h,24,2026-09-14 11:00:00+00:00,0.008555681917592511,0.9439593779878664,70
reversal_1h,24,2026-09-14 12:00:00+00:00,0.2638088330724892,0.029723313673803212,68
reversal_1h,24,2026-09-14 13:00:00+00:00,0.01647537948907812,0.889967388136293,73
reversal_1h,24,2026-09-14 14:00:00+00:00,0.2561630653486134,0.032316131324437294,70
reversal_1h,24,2026-09-14 15:00:00+00:00,0.13854585312385825,0.2562458997766631,69
reversal_1h,24,2026-09-14 16:00:00+00:00,0.11092873229759131,0.3678189992063791,68
reversal_1h,24,2026-09-14 17:00:00+00:00,0.10154757497223249,0.38929210413204896,74
reversal_1h,24,2026-09-14 18:00:00+00:00,-0.18557610241820768,0.11093096023639959,75
reversal_1h,24,2026-09-14 19:00:00+00:00,-0.2607563187343238,0.026946487121732345,72
reversal_1h,24,2026-09-14 20:00:00+00:00,0.25552264593360485,0.02911951833591425,73
reversal_1h,24,2026-09-14 21:00:00+00:00,-0.38169014084507036,0.0010220449902067147,71
reversal_1h,24,2026-09-14 22:00:00+00:00,-0.16174643770551703,0.18424966448444066,69
reversal_1h,24,2026-09-14 23:00:00+00:00,-0.20630449362843725,0.08432605219463542,71
reversal_1h,24,2026-09-15 00:00:00+00:00,-0.14969818913480884,0.21275525063051762,71
reversal_1h,24,2026-09-15 01:00:00+00:00,-0.09890648237249584,0.4152948808108897,70
reversal_1h,24,2026-09-15 02:00:00+00:00,-0.11100507691720424,0.36748736824242656,68
reversal_1h,24,2026-09-15 03:00:00+00:00,-0.26488095238095244,0.035908766922176275,63
reversal_1h,24,2026-09-15 04:00:00+00:00,-0.1306505700871898,0.2774773876116517,71
reversal_1h,24,2026-09-15 05:00:00+00:00,-0.035423903500400804,0.7742752053230664,68
reversal_1h,24,2026-09-15 06:00:00+00:00,-0.21624613505363208,0.07653199365440648,68
reversal_1h,24,2026-09-15 07:00:00+00:00,0.15826612903225806,0.2153941455968601,63
realized_vol_24h,24,2026-09-07 15:00:00+00:00,-0.3714285714285715,0.4684781341107872,6
realized_vol_24h,24,2026-09-07 16:00:00+00:00,0.09999999999999999,0.8728885715695384,5
realized_vol_24h,24,2026-09-08 13:00:00+00:00,-0.8999999999999998,0.03738607346849874,5
realized_vol_24h,24,2026-09-08 15:00:00+00:00,0.0,1.0,5
realized_vol_24h,24,2026-09-08 16:00:00+00:00,-0.14285714285714288,0.7871720116618076,6
realized_vol_24h,24,2026-09-08 17:00:00+00:00,0.3,0.623837664781073,5
realized_vol_24h,24,2026-09-08 19:00:00+00:00,0.39999999999999997,0.5046315754686912,5
realized_vol_24h,24,2026-09-09 13:00:00+00:00,0.09999999999999999,0.8728885715695384,5
realized_vol_24h,24,2026-09-09 15:00:00+00:00,-0.14285714285714288,0.7871720116618076,6
realized_vol_24h,24,2026-09-09 17:00:00+00:00,0.25,0.5887244480896834,7
realized_vol_24h,24,2026-09-09 18:00:00+00:00,0.07142857142857144,0.8790481931481541,7
realized_vol_24h,24,2026-09-09 22:00:00+00:00,0.3142857142857143,0.5440932944606415,6
realized_vol_24h,24,2026-09-10 11:00:00+00:00,-0.028571428571428574,0.9571545189504373,6
realized_vol_24h,24,2026-09-10 12:00:00+00:00,0.3571428571428572,0.3851206435562562,8
realized_vol_24h,24,2026-09-10 13:00:00+00:00,0.1666666666666667,0.6932388117283949,8
realized_vol_24h,24,2026-09-10 14:00:00+00:00,-0.5,0.25316999510032256,7
realized_vol_24h,24,2026-09-10 15:00:00+00:00,-0.28571428571428575,0.49272624501695705,8
realized_vol_24h,24,2026-09-10 16:00:00+00:00,0.028571428571428574,0.9571545189504373,6
realized_vol_24h,24,2026-09-10 17:00:00+00:00,0.8095238095238096,0.01490266768623008,8
realized_vol_24h,24,2026-09-10 18:00:00+00:00,0.09523809523809526,0.8225054302036114,8
realized_vol_24h,24,2026-09-10 19:00:00+00:00,0.8999999999999998,0.03738607346849874,5
realized_vol_24h,24,2026-09-10 21:00:00+00:00,0.3,0.623837664781073,5
realized_vol_24h,24,2026-09-11 03:00:00+00:00,-0.08571428571428573,0.8717434402332361,6
realized_vol_24h,24,2026-09-11 04:00:00+00:00,-0.28571428571428575,0.5345092286010408,7
realized_vol_24h,24,2026-09-11 06:00:00+00:00,-0.4285714285714286,0.3965014577259473,6
realized_vol_24h,24,2026-09-11 07:00:00+00:00,0.7,0.1881204043741873,5
realized_vol_24h,24,2026-09-11 08:00:00+00:00,0.09999999999999999,0.8728885715695384,5
realized_vol_24h,24,2026-09-11 09:00:00+00:00,0.0,1.0,8
realized_vol_24h,24,2026-09-11 10:00:00+00:00,0.4761904761904762,0.23293553465009806,8
realized_vol_24h,24,2026-09-11 11:00:00+00:00,0.4666666666666666,0.17393859716506654,10
realized_vol_24h,24,2026-09-11 12:00:00+00:00,0.11904761904761905,0.7788857260523796,8
realized_vol_24h,24,2026-09-11 13:00:00+00:00,-0.06666666666666667,0.8646897846262036,9
realized_vol_24h,24,2026-09-11 14:00:00+00:00,-0.43030303030303024,0.21449233253280778,10
realized_vol_24h,24,2026-09-11 15:00:00+00:00,-0.07857142857142857,0.7807545523090464,15
realized_vol_24h,24,2026-09-11 16:00:00+00:00,0.027972027972027972,0.9312343512018807,12
realized_vol_24h,24,2026-09-11 17:00:00+00:00,-0.16666666666666669,0.668231040071504,9
realized_vol_24h,24,2026-09-11 18:00:00+00:00,-0.2441176470588235,0.36221349614195036,16
realized_vol_24h,24,2026-09-11 19:00:00+00:00,-0.10294117647058824,0.7044103818167708,16
realized_vol_24h,24,2026-09-11 20:00:00+00:00,0.4047619047619048,0.3198886412288164,8
realized_vol_24h,24,2026-09-11 21:00:00+00:00,-0.45,0.22421610749233675,9
realized_vol_24h,24,2026-09-11 22:00:00+00:00,-0.04761904761904763,0.9108491685195836,8
realized_vol_24h,24,2026-09-11 23:00:00+00:00,0.13333333333333333,0.7323675052362973,9
realized_vol_24h,24,2026-09-12 00:00:00+00:00,-0.1188811188811189,0.712884219214772,12
realized_vol_24h,24,2026-09-12 01:00:00+00:00,-0.125,0.6571356681869506,15
realized_vol_24h,24,2026-09-12 02:00:00+00:00,0.4058823529411764,0.11879168453237472,16
realized_vol_24h,24,2026-09-12 03:00:00+00:00,0.4055727554179567,0.09495342479222925,18
realized_vol_24h,24,2026-09-12 04:00:00+00:00,0.026679841897233204,0.9038196225649724,23
realized_vol_24h,24,2026-09-12 05:00:00+00:00,0.4205882352941176,0.104767513929187,16
realized_vol_24h,24,2026-09-12 06:00:00+00:00,0.39090909090909093,0.07974355165372464,21
realized_vol_24h,24,2026-09-12 07:00:00+00:00,0.4895539243365331,0.020749046333364576,22
realized_vol_24h,24,2026-09-12 08:00:00+00:00,0.34432234432234426,0.07862457368919443,27
realized_vol_24h,24,2026-09-12 09:00:00+00:00,0.2625,0.15368472332952368,31
realized_vol_24h,24,2026-09-12 10:00:00+00:00,0.257813547954393,0.029957275655648298,71
realized_vol_24h,24,2026-09-12 11:00:00+00:00,0.16821017428773558,0.15782723218824968,72
realized_vol_24h,24,2026-09-12 12:00:00+00:00,0.12471067124271693,0.3146452454592774,67
realized_vol_24h,24,2026-09-12 13:00:00+00:00,0.09071322914656893,0.4485585598705334,72
realized_vol_24h,24,2026-09-12 14:00:00+00:00,0.07219583485568142,0.5555139430763477,69
realized_vol_24h,24,2026-09-12 15:00:00+00:00,0.05204862396643219,0.6618758282158692,73
realized_vol_24h,24,2026-09-12 16:00:00+00:00,-0.033462060327731975,0.7896788540008588,66
realized_vol_24h,24,2026-09-12 17:00:00+00:00,0.021350466916753134,0.8638370884662159,67
realized_vol_24h,24,2026-09-12 18:00:00+00:00,-0.07101740880062986,0.5590762304346292,70
realized_vol_24h,24,2026-09-12 19:00:00+00:00,-0.016112531969309465,0.8954556307925543,69
realized_vol_24h,24,2026-09-12 20:00:00+00:00,-0.05077838827838827,0.6902779203363097,64
realized_vol_24h,24,2026-09-12 21:00:00+00:00,-0.051903306474020576,0.6936920873634149,60
realized_vol_24h,24,2026-09-12 22:00:00+00:00,-0.15630429855707487,0.225065750652147,62
realized_vol_24h,24,2026-09-12 23:00:00+00:00,-0.1687466948704389,0.19358942021977857,61
realized_vol_24h,24,2026-09-13 00:00:00+00:00,-0.08333333333333334,0.5161293465384335,63
realized_vol_24h,24,2026-09-13 01:00:00+00:00,-0.1715034965034965,0.1719321267848446,65
realized_vol_24h,24,2026-09-13 02:00:00+00:00,-0.14843997884717078,0.25357567156550753,61
realized_vol_24h,24,2026-09-13 03:00:00+00:00,-0.06846912678114725,0.576152432593859,69
realized_vol_24h,24,2026-09-13 04:00:00+00:00,-0.1359645622156597,0.2726073123207071,67
realized_vol_24h,24,2026-09-13 05:00:00+00:00,-0.07792506001461227,0.5339963092036967,66
realized_vol_24h,24,2026-09-13 06:00:00+00:00,-0.0868801771195175,0.48113170684259693,68
realized_vol_24h,24,2026-09-13 07:00:00+00:00,-0.0606596098329105,0.6178946960079109,70
realized_vol_24h,24,2026-09-13 08:00:00+00:00,0.017939349652904644,0.8836807583546847,69
realized_vol_24h,24,2026-09-13 09:00:00+00:00,-0.0903273522413017,0.4504989845699804,72
realized_vol_24h,24,2026-09-13 10:00:00+00:00,0.05972602739726027,0.6132165812291319,74
realized_vol_24h,24,2026-09-13 11:00:00+00:00,0.061267091117837395,0.6250642722163414,66
realized_vol_24h,24,2026-09-13 12:00:00+00:00,0.07296289150427682,0.542466114709765,72
realized_vol_24h,24,2026-09-13 13:00:00+00:00,-0.09381757483023305,0.41392778084771514,78
realized_vol_24h,24,2026-09-13 14:00:00+00:00,-0.10105263157894737,0.3883278450966845,75
realized_vol_24h,24,2026-09-13 15:00:00+00:00,0.016114075758901232,0.8946670732869335,70
realized_vol_24h,24,2026-09-13 16:00:00+00:00,-0.013993423456339056,0.9091425718355862,69
realized_vol_24h,24,2026-09-13 17:00:00+00:00,0.023591262495372082,0.8418618976090152,74
realized_vol_24h,24,2026-09-13 18:00:00+00:00,0.02419735806141195,0.8423930250887243,70
realized_vol_24h,24,2026-09-13 19:00:00+00:00,-0.00792916203875108,0.9469172451686447,73
realized_vol_24h,24,2026-09-13 20:00:00+00:00,0.059992692729265634,0.6243645090760472,69
realized_vol_24h,24,2026-09-13 21:00:00+00:00,-0.1336412566324388,0.27726448385026453,68
realized_vol_24h,24,2026-09-13 22:00:00+00:00,0.056941649899396374,0.6371656089175178,71
realized_vol_24h,24,2026-09-13 23:00:00+00:00,0.17595907928388752,0.14811143576280372,69
realized_vol_24h,24,2026-09-14 00:00:00+00:00,-0.01486013986013986,0.9064732773129193,65
realized_vol_24h,24,2026-09-14 01:00:00+00:00,-0.0058846228053251026,0.9608721220641113,72
realized_vol_24h,24,2026-09-14 02:00:00+00:00,-0.19532450076804916,0.1250018984609324,63
realized_vol_24h,24,2026-09-14 03:00:00+00:00,-0.3262575452716298,0.005491114354827656,71
realized_vol_24h,24,2026-09-14 04:00:00+00:00,-0.2838363514419852,0.01645092505381871,71
realized_vol_24h,24,2026-09-14 05:00:00+00:00,-0.3081548652646473,0.008452547864141355,72
realized_vol_24h,24,2026-09-14 06:00:00+00:00,-0.3591667331790247,0.0028370256822067325,67
realized_vol_24h,24,2026-09-14 07:00:00+00:00,-0.2130583214793741,0.06646386939618061,75
realized_vol_24h,24,2026-09-14 08:00:00+00:00,-0.15363536719035442,0.20753416609722222,69
realized_vol_24h,24,2026-09-14 09:00:00+00:00,-0.1991831125701416,0.10343653938128755,68
realized_vol_24h,24,2026-09-14 10:00:00+00:00,-0.23726589200273412,0.039043850174887,76
realized_vol_24h,24,2026-09-14 11:00:00+00:00,-0.21319219665821013,0.07639285031409375,70
realized_vol_24h,24,2026-09-14 12:00:00+00:00,-0.17525150905432593,0.1437894670689545,71
realized_vol_24h,24,2026-09-14 13:00:00+00:00,-0.19871496924128504,0.08527747528242353,76
realized_vol_24h,24,2026-09-14 14:00:00+00:00,-0.4781562384302111,1.8826514152174377e-05,73
realized_vol_24h,24,2026-09-14 15:00:00+00:00,-0.39627766599597586,0.0006238427570555061,71
realized_vol_24h,24,2026-09-14 16:00:00+00:00,-0.36781932617549046,0.0012638852397844273,74
realized_vol_24h,24,2026-09-14 17:00:00+00:00,-0.44008438818565404,4.41167539030145e-05,80
realized_vol_24h,24,2026-09-14 18:00:00+00:00,-0.4101280227596017,0.00025787185217839064,75
realized_vol_24h,24,2026-09-14 19:00:00+00:00,-0.49941216678058786,4.3798147183644565e-06,76
realized_vol_24h,24,2026-09-14 20:00:00+00:00,-0.4735150925024343,1.0462518075094993e-05,79
realized_vol_24h,24,2026-09-14 21:00:00+00:00,-0.5167222016537085,2.8682744176597383e-06,73
realized_vol_24h,24,2026-09-14 22:00:00+00:00,-0.5622917437985933,2.2562249221072604e-07,73
realized_vol_24h,24,2026-09-14 23:00:00+00:00,-0.519822288041466,2.0714798106929257e-06,74
realized_vol_24h,24,2026-09-15 00:00:00+00:00,-0.482088115512773,1.3667419167238701e-05,74
realized_vol_24h,24,2026-09-15 01:00:00+00:00,-0.5831173639392818,6.185125905303173e-08,73
realized_vol_24h,24,2026-09-15 02:00:00+00:00,-0.5197518443997318,3.4013202311861827e-06,71
realized_vol_24h,24,2026-09-15 03:00:00+00:00,-0.4390579073939763,0.00018000584424738205,68
realized_vol_24h,24,2026-09-15 04:00:00+00:00,-0.37513513513513513,0.0009125260994216511,75
realized_vol_24h,24,2026-09-15 05:00:00+00:00,-0.30899093189272625,0.008267326321240812,72
realized_vol_24h,24,2026-09-15 06:00:00+00:00,-0.337625754527163,0.004258310362104869,70
realized_vol_24h,24,2026-09-15 07:00:00+00:00,-0.4386223960411845,0.00020503315318797462,67
volume_momentum,24,2026-09-09 13:00:00+00:00,-0.3,0.623837664781073,5
volume_momentum,24,2026-09-09 17:00:00+00:00,-0.3,0.623837664781073,5
volume_momentum,24,2026-09-10 15:00:00+00:00,-0.8999999999999998,0.03738607346849874,5
volume_momentum,24,2026-09-10 17:00:00+00:00,0.6571428571428573,0.1561749271137024,6
volume_momentum,24,2026-09-10 18:00:00+00:00,-0.7,0.1881204043741873,5
volume_momentum,24,2026-09-11 11:00:00+00:00,-0.09999999999999999,0.8728885715695384,5
volume_momentum,24,2026-09-11 12:00:00+00:00,0.39999999999999997,0.5046315754686912,5
volume_momentum,24,2026-09-11 13:00:00+00:00,-0.6,0.28475697986529386,5
volume_momentum,24,2026-09-11 15:00:00+00:00,0.3214285714285715,0.4820720382996776,7
volume_momentum,24,2026-09-11 18:00:00+00:00,0.7,0.1881204043741873,5
volume_momentum,24,2026-09-12 03:00:00+00:00,-0.4285714285714286,0.3965014577259473,6
volume_momentum,24,2026-09-12 04:00:00+00:00,0.14285714285714288,0.7599453002180928,7
volume_momentum,24,2026-09-12 08:00:00+00:00,0.49999999999999994,0.3910022189557703,5
volume_momentum,24,2026-09-12 09:00:00+00:00,-0.43333333333333335,0.24395243588005172,9
volume_momentum,24,2026-09-12 10:00:00+00:00,-0.08571428571428573,0.8717434402332361,6
volume_momentum,24,2026-09-12 11:00:00+00:00,0.19999999999999998,0.6059012741795534,9
volume_momentum,24,2026-09-12 12:00:00+00:00,-0.4285714285714286,0.3965014577259473,6
volume_momentum,24,2026-09-12 13:00:00+00:00,-0.6363636363636362,0.04791172612997546,10
volume_momentum,24,2026-09-12 14:00:00+00:00,-0.8214285714285715,0.023448808345691494,7
volume_momentum,24,2026-09-12 15:00:00+00:00,0.33636363636363636,0.31182431390038634,11
volume_momentum,24,2026-09-12 16:00:00+00:00,0.07878787878787878,0.8287173946974605,10
volume_momentum,24,2026-09-12 17:00:00+00:00,0.5,0.25316999510032256,7
volume_momentum,24,2026-09-12 18:00:00+00:00,0.06593406593406594,0.830542385756094,13
volume_momentum,24,2026-09-12 19:00:00+00:00,-0.28484848484848485,0.4250381548921453,10
volume_momentum,24,2026-09-12 20:00:00+00:00,0.2142857142857143,0.6103444156452668,8
volume_momentum,24,2026-09-12 21:00:00+00:00,0.39285714285714296,0.3833168704269725,7
volume_momentum,24,2026-09-12 22:00:00+00:00,-0.3714285714285715,0.4684781341107872,6
volume_momentum,24,2026-09-12 23:00:00+00:00,-0.5952380952380953,0.11952980613879274,8
volume_momentum,24,2026-09-13 00:00:00+00:00,-0.43333333333333335,0.24395243588005172,9
volume_momentum,24,2026-09-13 01:00:00+00:00,-0.23076923076923078,0.470531995381542,12
volume_momentum,24,2026-09-13 02:00:00+00:00,-0.034965034965034975,0.9140933424107599,12
volume_momentum,24,2026-09-13 03:00:00+00:00,-0.01715686274509804,0.9478908818232219,17
volume_momentum,24,2026-09-13 04:00:00+00:00,-0.22456140350877193,0.3553459897451078,19
volume_momentum,24,2026-09-13 05:00:00+00:00,0.002197802197802198,0.9940505286658997,14
volume_momentum,24,2026-09-13 06:00:00+00:00,0.14736842105263157,0.5352473458918693,20
volume_momentum,24,2026-09-13 07:00:00+00:00,0.3815384615384615,0.059845517971554255,25
volume_momentum,24,2026-09-13 08:00:00+00:00,0.17854086212295173,0.1514831948014647,66
volume_momentum,24,2026-09-13 09:00:00+00:00,0.04305836546169409,0.7273541617113733,68
volume_momentum,24,2026-09-13 10:00:00+00:00,0.13323418773510629,0.27152528357599937,70
volume_momentum,24,2026-09-13 11:00:00+00:00,0.06982569669136836,0.5774531027353675,66
volume_momentum,24,2026-09-13 12:00:00+00:00,-0.13617216117216116,0.28330981525792315,64
volume_momentum,24,2026-09-13 13:00:00+00:00,-0.20755839384130872,0.08468606869444148,70
volume_momentum,24,2026-09-13 14:00:00+00:00,-0.11372377622377622,0.36705091618370284,65
volume_momentum,24,2026-09-13 15:00:00+00:00,-0.1256445047489824,0.3147868904796355,66
volume_momentum,24,2026-09-13 16:00:00+00:00,0.1049347158218126,0.41308430403112745,63
volume_momentum,24,2026-09-13 17:00:00+00:00,0.12034234422294125,0.33580366013809254,66
volume_momentum,24,2026-09-13 18:00:00+00:00,0.14085582318586096,0.2519129713133842,68
volume_momentum,24,2026-09-13 19:00:00+00:00,0.08706293706293707,0.49043606572219395,65
volume_momentum,24,2026-09-13 20:00:00+00:00,-0.016393442622950817,0.9002096961878407,61
volume_momentum,24,2026-09-13 21:00:00+00:00,0.11975145344366177,0.37058681479109273,58
volume_momentum,24,2026-09-13 22:00:00+00:00,-0.05631940772078265,0.6663875421784229,61
volume_momentum,24,2026-09-13 23:00:00+00:00,0.10561075394506139,0.4259827609283046,59
volume_momentum,24,2026-09-14 00:00:00+00:00,0.28998123596542497,0.027241672778892934,58
volume_momentum,24,2026-09-14 01:00:00+00:00,0.149404447130518,0.24646046724948903,62
volume_momentum,24,2026-09-14 02:00:00+00:00,0.19271586329939405,0.14723814385138956,58
volume_momentum,24,2026-09-14 03:00:00+00:00,0.09561816585521592,0.4414746478050785,67
volume_momentum,24,2026-09-14 04:00:00+00:00,0.2403846153846154,0.053752685304307816,65
volume_momentum,24,2026-09-14 05:00:00+00:00,0.1581701228878648,0.2156761962109667,63
volume_momentum,24,2026-09-14 06:00:00+00:00,0.1501850872554204,0.2479744571337762,61
volume_momentum,24,2026-09-14 07:00:00+00:00,0.05420467992518226,0.6606475883896928,68
volume_momentum,24,2026-09-14 08:00:00+00:00,-0.048295454545454544,0.7024328664534253,65
volume_momentum,24,2026-09-14 09:00:00+00:00,-0.08335246842709532,0.5058076383150084,66
volume_momentum,24,2026-09-14 10:00:00+00:00,-0.04325036979870089,0.7182956549143958,72
volume_momentum,24,2026-09-14 11:00:00+00:00,0.023713517665130572,0.8536392658044265,63
volume_momentum,24,2026-09-14 12:00:00+00:00,-0.07032668823713602,0.5747185395094292,66
volume_momentum,24,2026-09-14 13:00:00+00:00,0.0005183265457238059,0.9965029609537266,74
volume_momentum,24,2026-09-14 14:00:00+00:00,-0.16656606304493626,0.16504017555742,71
volume_momentum,24,2026-09-14 15:00:00+00:00,0.08573500782532349,0.4869530943105632,68
volume_momentum,24,2026-09-14 16:00:00+00:00,0.19630457338973584,0.1113583826533537,67
volume_momentum,24,2026-09-14 17:00:00+00:00,-0.04547283702213279,0.706504544507063,71
volume_momentum,24,2026-09-14 18:00:00+00:00,0.30854950675922543,0.009895787422352226,69
volume_momentum,24,2026-09-14 19:00:00+00:00,0.2454203481760126,0.04058005306559292,70
volume_momentum,24,2026-09-14 20:00:00+00:00,-0.13444808045334827,0.27804186964774075,67
volume_momentum,24,2026-09-14 21:00:00+00:00,0.0413526771735727,0.7416471225049593,66
volume_momentum,24,2026-09-14 22:00:00+00:00,-0.04585312385823896,0.7083126516205861,69
volume_momentum,24,2026-09-14 23:00:00+00:00,0.01569055944055944,0.901272207076842,65
volume_momentum,24,2026-09-15 00:00:00+00:00,0.07578001057641459,0.561609760378406,61
volume_momentum,24,2026-09-15 01:00:00+00:00,-0.04621278633570118,0.7103784625130434,67
volume_momentum,24,2026-09-15 02:00:00+00:00,-0.06842940243257535,0.6002722885804178,61
volume_momentum,24,2026-09-15 03:00:00+00:00,0.05050237969328397,0.6991093920284112,61
volume_momentum,24,2026-09-15 04:00:00+00:00,0.07644230769230768,0.5450288338492314,65
volume_momentum,24,2026-09-15 05:00:00+00:00,-0.013330419580419578,0.9160642920117251,65
volume_momentum,24,2026-09-15 06:00:00+00:00,0.14446878698597365,0.26259136221836776,62
volume_momentum,24,2026-09-15 07:00:00+00:00,0.02669413919413919,0.8341504929761208,64
volume_surprise,24,2026-09-06 11:00:00+00:00,0.7714285714285715,0.07239650145772594,6
volume_surprise,24,2026-09-06 14:00:00+00:00,-0.09999999999999999,0.8728885715695384,5
volume_surprise,24,2026-09-06 22:00:00+00:00,-0.39999999999999997,0.5046315754686912,5
volume_surprise,24,2026-09-07 15:00:00+00:00,-0.6785714285714287,0.0937502539598313,7
volume_surprise,24,2026-09-07 16:00:00+00:00,0.1785714285714286,0.7016579425162728,7
volume_surprise,24,2026-09-08 08:00:00+00:00,0.3,0.623837664781073,5
volume_surprise,24,2026-09-08 13:00:00+00:00,-0.2,0.7040000000000001,6
volume_surprise,24,2026-09-08 15:00:00+00:00,-0.39999999999999997,0.5046315754686912,5
volume_surprise,24,2026-09-08 16:00:00+00:00,-0.023809523809523815,0.9553740118158806,8
volume_surprise,24,2026-09-08 17:00:00+00:00,0.8999999999999998,0.03738607346849874,5
volume_surprise,24,2026-09-08 19:00:00+00:00,0.3,0.623837664781073,5
volume_surprise,24,2026-09-09 00:00:00+00:00,-0.3,0.623837664781073,5
volume_surprise,24,2026-09-09 12:00:00+00:00,-0.3,0.623837664781073,5
volume_surprise,24,2026-09-09 13:00:00+00:00,-0.2,0.7040000000000001,6
volume_surprise,24,2026-09-09 15:00:00+00:00,-0.07142857142857144,0.8790481931481541,7
volume_surprise,24,2026-09-09 16:00:00+00:00,-0.39999999999999997,0.5046315754686912,5
volume_surprise,24,2026-09-09 17:00:00+00:00,-0.14285714285714288,0.7357648598798119,8
volume_surprise,24,2026-09-09 18:00:00+00:00,-0.21428571428571433,0.6445115810207203,7
volume_surprise,24,2026-09-09 19:00:00+00:00,-0.09999999999999999,0.8728885715695384,5
volume_surprise,24,2026-09-09 22:00:00+00:00,0.08571428571428573,0.8717434402332361,6
volume_surprise,24,2026-09-10 02:00:00+00:00,0.8999999999999998,0.03738607346849874,5
volume_surprise,24,2026-09-10 07:00:00+00:00,0.7,0.1881204043741873,5
volume_surprise,24,2026-09-10 11:00:00+00:00,0.5428571428571429,0.26570262390670546,6
volume_surprise,24,2026-09-10 12:00:00+00:00,0.027972027972027972,0.9312343512018807,12
volume_surprise,24,2026-09-10 13:00:00+00:00,-0.5,0.1704706607870538,9
volume_surprise,24,2026-09-10 14:00:00+00:00,-0.17575757575757575,0.6271883447764844,10
volume_surprise,24,2026-09-10 15:00:00+00:00,-0.19047619047619052,0.6514014957024813,8
volume_surprise,24,2026-09-10 16:00:00+00:00,-0.8857142857142858,0.01884548104956266,6
volume_surprise,24,2026-09-10 17:00:00+00:00,0.049999999999999996,0.8983528043506303,9
volume_surprise,24,2026-09-10 18:00:00+00:00,-0.07142857142857144,0.8665262706759087,8
volume_surprise,24,2026-09-10 19:00:00+00:00,0.9999999999999999,1.4042654220543602e-24,5
volume_surprise,24,2026-09-10 20:00:00+00:00,-0.09999999999999999,0.8728885715695384,5
volume_surprise,24,2026-09-10 21:00:00+00:00,-0.6,0.208,6
volume_surprise,24,2026-09-11 02:00:00+00:00,0.6,0.28475697986529386,5
volume_surprise,24,2026-09-11 03:00:00+00:00,-0.4285714285714286,0.3965014577259473,6
volume_surprise,24,2026-09-11 04:00:00+00:00,0.3333333333333334,0.41975308641975323,8
volume_surprise,24,2026-09-11 06:00:00+00:00,0.8857142857142858,0.01884548104956266,6
volume_surprise,24,2026-09-11 07:00:00+00:00,0.08571428571428573,0.8717434402332361,6
volume_surprise,24,2026-09-11 08:00:00+00:00,0.7999999999999999,0.10408803866182788,5
volume_surprise,24,2026-09-11 09:00:00+00:00,-0.2833333333333333,0.46003032896572005,9
volume_surprise,24,2026-09-11 10:00:00+00:00,0.19090909090909092,0.5739131682855215,11
volume_surprise,24,2026-09-11 11:00:00+00:00,-0.018181818181818184,0.9576852410216188,11
volume_surprise,24,2026-09-11 12:00:00+00:00,0.06666666666666665,0.8548130882487427,10
volume_surprise,24,2026-09-11 13:00:00+00:00,-0.18181818181818185,0.5717012385276553,12
volume_surprise,24,2026-09-11 14:00:00+00:00,0.1758241758241758,0.5655798619595344,13
volume_surprise,24,2026-09-11 15:00:00+00:00,0.12142857142857141,0.6664011137233892,15
volume_surprise,24,2026-09-11 16:00:00+00:00,0.22527472527472525,0.45930514272500567,13
volume_surprise,24,2026-09-11 17:00:00+00:00,0.18131868131868134,0.5532950092839335,13
volume_surprise,24,2026-09-11 18:00:00+00:00,-0.03431372549019608,0.8959808104551742,17
volume_surprise,24,2026-09-11 19:00:00+00:00,0.29411764705882354,0.26884655462289303,16
volume_surprise,24,2026-09-11 20:00:00+00:00,-0.5714285714285715,0.13895995716070678,8
volume_surprise,24,2026-09-11 21:00:00+00:00,0.2937062937062937,0.3541476412329215,12
volume_surprise,24,2026-09-11 22:00:00+00:00,0.5952380952380953,0.11952980613879274,8
volume_surprise,24,2026-09-11 23:00:00+00:00,-0.18333333333333335,0.6368198117628943,9
volume_surprise,24,2026-09-12 00:00:00+00:00,0.3107142857142856,0.2596673973372183,15
volume_surprise,24,2026-09-12 01:00:00+00:00,-0.5470588235294118,0.028301087242108818,16
volume_surprise,24,2026-09-12 02:00:00+00:00,-0.14950980392156862,0.5668307307163287,17
volume_surprise,24,2026-09-12 03:00:00+00:00,-0.3969508752117449,0.06737336646852338,22
volume_surprise,24,2026-09-12 04:00:00+00:00,-0.04521739130434782,0.8338234219848106,24
volume_surprise,24,2026-09-12 05:00:00+00:00,0.06617647058823531,0.800774094340852,17
volume_surprise,24,2026-09-12 06:00:00+00:00,0.09980237154150197,0.6504928119104104,23
volume_surprise,24,2026-09-12 07:00:00+00:00,0.23652173913043475,0.265820294159618,24
volume_surprise,24,2026-09-12 08:00:00+00:00,0.05161290322580646,0.7827454610710352,31
volume_surprise,24,2026-09-12 09:00:00+00:00,0.058875106618721945,0.6232460334075944,72
volume_surprise,24,2026-09-12 10:00:00+00:00,-0.038363514419852446,0.7507611611012145,71
volume_surprise,24,2026-09-12 11:00:00+00:00,-0.06877082562014071,0.5631818673854838,73
volume_surprise,24,2026-09-12 12:00:00+00:00,-0.026418708596057154,0.8319401488460917,67
volume_surprise,24,2026-09-12 13:00:00+00:00,-0.123319827641649,0.30205547482069367,72
volume_surprise,24,2026-09-12 14:00:00+00:00,0.12930215564486666,0.2896474435920391,69
volume_surprise,24,2026-09-12 15:00:00+00:00,0.13430211032950762,0.25729257736147265,73
volume_surprise,24,2026-09-12 16:00:00+00:00,0.10715140873174235,0.388107230727847,67
volume_surprise,24,2026-09-12 17:00:00+00:00,0.009019075744273287,0.9422545647274383,67
volume_surprise,24,2026-09-12 18:00:00+00:00,0.023112588574927824,0.8493739399371102,70
volume_surprise,24,2026-09-12 19:00:00+00:00,0.06766532700036537,0.5806497911899693,69
volume_surprise,24,2026-09-12 20:00:00+00:00,0.14587912087912086,0.25006265255624666,64
volume_surprise,24,2026-09-12 21:00:00+00:00,0.2177482309687492,0.0891074514729298,62
volume_surprise,24,2026-09-12 22:00:00+00:00,-0.04052197802197802,0.7505477507296869,64
volume_surprise,24,2026-09-12 23:00:00+00:00,-0.12548915917503964,0.3352255550527544,61
volume_surprise,24,2026-09-13 00:00:00+00:00,0.15892857142857142,0.20971121563845738,64
volume_surprise,24,2026-09-13 01:00:00+00:00,0.061057692307692306,0.6289803118476696,65
volume_surprise,24,2026-09-13 02:00:00+00:00,0.014127068066782506,0.9132197301579484,62
volume_surprise,24,2026-09-13 03:00:00+00:00,0.005224698575082208,0.9660147988562849,69
volume_surprise,24,2026-09-13 04:00:00+00:00,-0.10588998740313775,0.39010763647651026,68
volume_surprise,24,2026-09-13 05:00:00+00:00,-0.032125468912123874,0.7963480318516509,67
volume_surprise,24,2026-09-13 06:00:00+00:00,-0.0496240027484063,0.6877789098554304,68
volume_surprise,24,2026-09-13 07:00:00+00:00,0.24467811434818962,0.038319004942432504,72
volume_surprise,24,2026-09-13 08:00:00+00:00,0.19044265593561366,0.11165193478207128,71
volume_surprise,24,2026-09-13 09:00:00+00:00,0.1202971252170558,0.3141504222609454,72
volume_surprise,24,2026-09-13 10:00:00+00:00,-0.017786005183265452,0.8804426756619763,74
volume_surprise,24,2026-09-13 11:00:00+00:00,-0.17815016986677862,0.14608967503078973,68
volume_surprise,24,2026-09-13 12:00:00+00:00,-0.1614957423176601,0.16924629066599695,74
volume_surprise,24,2026-09-13 13:00:00+00:00,-0.05060856864654333,0.6578141574895362,79
volume_surprise,24,2026-09-13 14:00:00+00:00,-0.09422475106685632,0.42134162949215126,75
volume_surprise,24,2026-09-13 15:00:00+00:00,-0.021642900883562244,0.858850306792469,70
volume_surprise,24,2026-09-13 16:00:00+00:00,-0.006211180124223603,0.9596029486974968,69
volume_surprise,24,2026-09-13 17:00:00+00:00,0.1881229174379859,0.10846949079450875,74
volume_surprise,24,2026-09-13 18:00:00+00:00,0.3848800565952795,0.0008430803184725078,72
volume_surprise,24,2026-09-13 19:00:00+00:00,0.3499938294458843,0.0024024776543670485,73
volume_surprise,24,2026-09-13 20:00:00+00:00,0.2511591286851544,0.03597085005605908,70
volume_surprise,24,2026-09-13 21:00:00+00:00,0.25628888804061534,0.034892485621530446,68
volume_surprise,24,2026-09-13 22:00:00+00:00,-0.07797929127275068,0.5149893942715043,72
volume_surprise,24,2026-09-13 23:00:00+00:00,-0.017135549872122763,0.8888587623812706,69
volume_surprise,24,2026-09-14 00:00:00+00:00,0.20952797202797202,0.09390637838258069,65
volume_surprise,24,2026-09-14 01:00:00+00:00,0.16648155004319393,0.15921588420696078,73
volume_surprise,24,2026-09-14 02:00:00+00:00,0.08338133640552996,0.5158868183809755,63
volume_surprise,24,2026-09-14 03:00:00+00:00,-0.1946501295816365,0.09889950460605669,73
volume_surprise,24,2026-09-14 04:00:00+00:00,0.0596244131455399,0.6213581769347475,71
volume_surprise,24,2026-09-14 05:00:00+00:00,0.13209852723647825,0.2686695386575477,72
volume_surprise,24,2026-09-14 06:00:00+00:00,0.02565179218994541,0.8355081198617899,68
volume_surprise,24,2026-09-14 07:00:00+00:00,0.01615857826384142,0.8898123884076458,76
volume_surprise,24,2026-09-14 08:00:00+00:00,-0.09002557544757035,0.4619481946901264,69
volume_surprise,24,2026-09-14 09:00:00+00:00,-0.039431996030079776,0.7495291550009201,68
volume_surprise,24,2026-09-14 10:00:00+00:00,0.14058783321941215,0.22576868714873016,76
volume_surprise,24,2026-09-14 11:00:00+00:00,0.09449741929839908,0.436492381210363,70
volume_surprise,24,2026-09-14 12:00:00+00:00,-0.03947015425888665,0.7438150001597567,71
volume_surprise,24,2026-09-14 13:00:00+00:00,-0.017797991482202007,0.8778980150250608,77
volume_surprise,24,2026-09-14 14:00:00+00:00,-0.10042206590151793,0.3945965419776868,74
volume_surprise,24,2026-09-14 15:00:00+00:00,0.11978537894030851,0.31973517660006023,71
volume_surprise,24,2026-09-14 16:00:00+00:00,0.17160739687055476,0.14098113255964506,75
volume_surprise,24,2026-09-14 17:00:00+00:00,-0.17696476964769647,0.11400857739394371,81
volume_surprise,24,2026-09-14 18:00:00+00:00,0.07387349492612649,0.5231431787147655,77
volume_surprise,24,2026-09-14 19:00:00+00:00,-0.07955202692044797,0.49161683299017866,77
volume_surprise,24,2026-09-14 20:00:00+00:00,-0.1661275199249883,0.14081600831109295,80
volume_surprise,24,2026-09-14 21:00:00+00:00,-0.20233246945575714,0.08603463128064584,73
volume_surprise,24,2026-09-14 22:00:00+00:00,-0.2170899666790077,0.06318191952697393,74
volume_surprise,24,2026-09-14 23:00:00+00:00,0.0703556187766714,0.548634329338606,75
volume_surprise,24,2026-09-15 00:00:00+00:00,0.0316475379489078,0.788949796852288,74
volume_surprise,24,2026-09-15 01:00:00+00:00,-0.05180180180180181,0.6633823367806073,73
volume_surprise,24,2026-09-15 02:00:00+00:00,0.0992373195112921,0.4002261421296338,74
volume_surprise,24,2026-09-15 03:00:00+00:00,0.017245158933138476,0.8881523929839227,69
volume_surprise,24,2026-09-15 04:00:00+00:00,0.07086770981507823,0.5457209477871281,75
volume_surprise,24,2026-09-15 05:00:00+00:00,0.1136729050099685,0.34173031221090716,72
volume_surprise,24,2026-09-15 06:00:00+00:00,0.2417811215116788,0.0437490099741674,70
volume_surprise,24,2026-09-15 07:00:00+00:00,0.17279910607390855,0.16200869814548657,67
amihud_illiquidity,24,2026-09-07 15:00:00+00:00,0.6,0.28475697986529386,5
amihud_illiquidity,24,2026-09-08 16:00:00+00:00,-0.49999999999999994,0.3910022189557703,5
amihud_illiquidity,24,2026-09-09 17:00:00+00:00,0.028571428571428574,0.9571545189504373,6
amihud_illiquidity,24,2026-09-09 18:00:00+00:00,0.028571428571428574,0.9571545189504373,6
amihud_illiquidity,24,2026-09-10 13:00:00+00:00,0.5952380952380953,0.11952980613879274,8
amihud_illiquidity,24,2026-09-10 14:00:00+00:00,0.08571428571428573,0.8717434402332361,6
amihud_illiquidity,24,2026-09-10 15:00:00+00:00,0.0,1.0,5
amihud_illiquidity,24,2026-09-10 16:00:00+00:00,0.49999999999999994,0.3910022189557703,5
amihud_illiquidity,24,2026-09-10 18:00:00+00:00,-0.7500000000000002,0.05218140045705777,7
amihud_illiquidity,24,2026-09-10 19:00:00+00:00,-0.3,0.623837664781073,5
amihud_illiquidity,24,2026-09-11 02:00:00+00:00,0.49999999999999994,0.3910022189557703,5
amihud_illiquidity,24,2026-09-11 04:00:00+00:00,-0.19999999999999998,0.7470600781046621,5
amihud_illiquidity,24,2026-09-11 09:00:00+00:00,-0.09999999999999999,0.8728885715695384,5
amihud_illiquidity,24,2026-09-11 10:00:00+00:00,0.6190476190476191,0.1017330374542648,8
amihud_illiquidity,24,2026-09-11 11:00:00+00:00,0.14285714285714288,0.7357648598798119,8
amihud_illiquidity,24,2026-09-11 12:00:00+00:00,0.5428571428571429,0.26570262390670546,6
amihud_illiquidity,24,2026-09-11 13:00:00+00:00,0.13939393939393938,0.7009318849100583,10
amihud_illiquidity,24,2026-09-11 14:00:00+00:00,-0.3706293706293707,0.23562100351264567,12
amihud_illiquidity,24,2026-09-11 15:00:00+00:00,0.07692307692307693,0.8121826980280591,12
amihud_illiquidity,24,2026-09-11 16:00:00+00:00,-0.6043956043956044,0.028672705671406996,13
amihud_illiquidity,24,2026-09-11 17:00:00+00:00,-0.5,0.1704706607870538,9
amihud_illiquidity,24,2026-09-11 18:00:00+00:00,-0.2802197802197803,0.3537636356336791,13
amihud_illiquidity,24,2026-09-11 19:00:00+00:00,-0.5604395604395606,0.046345905894064635,13
amihud_illiquidity,24,2026-09-11 20:00:00+00:00,-0.5000000000000001,0.20703124999999997,8
amihud_illiquidity,24,2026-09-11 21:00:00+00:00,0.07142857142857144,0.8665262706759087,8
amihud_illiquidity,24,2026-09-11 22:00:00+00:00,-0.8285714285714287,0.04156268221574335,6
amihud_illiquidity,24,2026-09-11 23:00:00+00:00,0.09999999999999999,0.8728885715695384,5
amihud_illiquidity,24,2026-09-12 00:00:00+00:00,-0.6969696969696969,0.025096675882251854,10
amihud_illiquidity,24,2026-09-12 01:00:00+00:00,0.3406593406593406,0.23331605103682382,14
amihud_illiquidity,24,2026-09-12 02:00:00+00:00,0.4825174825174825,0.11210929146889187,12
amihud_illiquidity,24,2026-09-12 03:00:00+00:00,0.2792207792207792,0.2202885948651402,21
amihud_illiquidity,24,2026-09-12 04:00:00+00:00,0.1413533834586466,0.552214438632242,20
amihud_illiquidity,24,2026-09-12 05:00:00+00:00,-0.12087912087912088,0.6940473279966858,13
amihud_illiquidity,24,2026-09-12 06:00:00+00:00,0.0029411764705882353,0.9913748045563624,16
amihud_illiquidity,24,2026-09-12 07:00:00+00:00,-0.20271033314511577,0.36560327658748853,22
amihud_illiquidity,24,2026-09-12 08:00:00+00:00,-0.06692307692307692,0.7506056746243597,25
amihud_illiquidity,24,2026-09-12 09:00:00+00:00,0.06462572050234759,0.6005672143255523,68
amihud_illiquidity,24,2026-09-12 10:00:00+00:00,0.07438811188811188,0.5559175027375137,65
amihud_illiquidity,24,2026-09-12 11:00:00+00:00,-0.04213286713286713,0.7389508202766475,65
amihud_illiquidity,24,2026-09-12 12:00:00+00:00,-0.037281468531468534,0.76811363915952,65
amihud_illiquidity,24,2026-09-12 13:00:00+00:00,0.07790898617511521,0.543901398394903,63
amihud_illiquidity,24,2026-09-12 14:00:00+00:00,0.05459334344321175,0.6608182685527514,67
amihud_illiquidity,24,2026-09-12 15:00:00+00:00,0.14916958041958042,0.2356390929799816,65
amihud_illiquidity,24,2026-09-12 16:00:00+00:00,-0.016177035330261137,0.8998600042894099,63
amihud_illiquidity,24,2026-09-12 17:00:00+00:00,0.12960829493087558,0.3113412176309562,63
amihud_illiquidity,24,2026-09-12 18:00:00+00:00,0.07401610871473832,0.5485993115889145,68
amihud_illiquidity,24,2026-09-12 19:00:00+00:00,0.010458198517900011,0.9335798421445016,66
amihud_illiquidity,24,2026-09-12 20:00:00+00:00,-0.0869532371383244,0.5015765124877132,62
amihud_illiquidity,24,2026-09-12 21:00:00+00:00,-0.15096434833430744,0.2537350038869264,59
amihud_illiquidity,24,2026-09-12 22:00:00+00:00,-0.10312418978480685,0.4452486250138253,57
amihud_illiquidity,24,2026-09-12 23:00:00+00:00,0.04125011535267157,0.7585056561306653,58
amihud_illiquidity,24,2026-09-13 00:00:00+00:00,0.02174782367959642,0.8712742636504108,58
amihud_illiquidity,24,2026-09-13 01:00:00+00:00,0.045690111052353245,0.7266003417243255,61
amihud_illiquidity,24,2026-09-13 02:00:00+00:00,0.16804577194007814,0.20733476406667606,58
amihud_illiquidity,24,2026-09-13 03:00:00+00:00,0.19014882526252172,0.13879160088829412,62
amihud_illiquidity,24,2026-09-13 04:00:00+00:00,0.07561188811188811,0.5494181676347519,65
amihud_illiquidity,24,2026-09-13 05:00:00+00:00,0.06474358974358974,0.6112610859047917,64
amihud_illiquidity,24,2026-09-13 06:00:00+00:00,0.04819508448540706,0.7075902291497124,63
amihud_illiquidity,24,2026-09-13 07:00:00+00:00,-0.0535257581293387,0.6622498455854116,69
amihud_illiquidity,24,2026-09-13 08:00:00+00:00,0.06690324600772364,0.593522655580446,66
amihud_illiquidity,24,2026-09-13 09:00:00+00:00,-0.059062973900550736,0.6349523080694263,67
amihud_illiquidity,24,2026-09-13 10:00:00+00:00,-0.0613682092555332,0.6111736618541913,71
amihud_illiquidity,24,2026-09-13 11:00:00+00:00,0.013827838827838827,0.913640666815461,64
amihud_illiquidity,24,2026-09-13 12:00:00+00:00,0.04380708805261235,0.7207827765751642,69
amihud_illiquidity,24,2026-09-13 13:00:00+00:00,0.08048749115698761,0.5015213826615335,72
amihud_illiquidity,24,2026-09-13 14:00:00+00:00,-0.012010366530914474,0.9191045235953491,74
amihud_illiquidity,24,2026-09-13 15:00:00+00:00,-0.09605407380343443,0.432379416852576,69
amihud_illiquidity,24,2026-09-13 16:00:00+00:00,0.06577088979654158,0.5941146214765813,68
amihud_illiquidity,24,2026-09-13 17:00:00+00:00,-0.050536552649228704,0.675554011993001,71
amihud_illiquidity,24,2026-09-13 18:00:00+00:00,0.029621712409817917,0.8104924206482981,68
amihud_illiquidity,24,2026-09-13 19:00:00+00:00,0.15928906773977197,0.18455525357061983,71
amihud_illiquidity,24,2026-09-13 20:00:00+00:00,0.006720430107526882,0.9583102407417329,63
amihud_illiquidity,24,2026-09-13 21:00:00+00:00,0.012456293706293706,0.921550319519567,65
amihud_illiquidity,24,2026-09-13 22:00:00+00:00,0.0851094470046083,0.5071943648219441,63
amihud_illiquidity,24,2026-09-13 23:00:00+00:00,0.0006555944055944056,0.9958645729994441,65
amihud_illiquidity,24,2026-09-14 00:00:00+00:00,-0.046800634584875725,0.7202242654943275,61
amihud_illiquidity,24,2026-09-14 01:00:00+00:00,0.024256993006993008,0.8478991123677216,65
amihud_illiquidity,24,2026-09-14 02:00:00+00:00,-0.017282578494026122,0.8957247435259758,60
amihud_illiquidity,24,2026-09-14 03:00:00+00:00,0.06621503496503496,0.600236726434305,65
amihud_illiquidity,24,2026-09-14 04:00:00+00:00,0.0399664083673703,0.7462480265963419,68
amihud_illiquidity,24,2026-09-14 05:00:00+00:00,0.0068328434553574825,0.9558986109594286,68
amihud_illiquidity,24,2026-09-14 06:00:00+00:00,-0.04187062937062937,0.7405182702416669,65
amihud_illiquidity,24,2026-09-14 07:00:00+00:00,-0.05706978443551334,0.6413753624285331,69
amihud_illiquidity,24,2026-09-14 08:00:00+00:00,-0.07550482879719053,0.5436712483859422,67
amihud_illiquidity,24,2026-09-14 09:00:00+00:00,0.11491493581045821,0.3582082786141501,66
amihud_illiquidity,24,2026-09-14 10:00:00+00:00,-0.03579695107350946,0.7736616037890234,67
amihud_illiquidity,24,2026-09-14 11:00:00+00:00,-0.09687691365584813,0.424977653467158,70
amihud_illiquidity,24,2026-09-14 12:00:00+00:00,-0.10272168568920105,0.4045241886826235,68
amihud_illiquidity,24,2026-09-14 13:00:00+00:00,0.01844995680612119,0.8768773858934508,73
amihud_illiquidity,24,2026-09-14 14:00:00+00:00,0.007855830635989852,0.9485369800237151,70
amihud_illiquidity,24,2026-09-14 15:00:00+00:00,-0.04464742418706613,0.7156521136364624,69
amihud_illiquidity,24,2026-09-14 16:00:00+00:00,-0.04492880864221093,0.7160018487988264,68
amihud_illiquidity,24,2026-09-14 17:00:00+00:00,0.003391336542021473,0.9771223711578259,74
amihud_illiquidity,24,2026-09-14 18:00:00+00:00,0.06122332859174965,0.6018136881167164,75
amihud_illiquidity,24,2026-09-14 19:00:00+00:00,-0.13158402469612196,0.2705549414802514,72
amihud_illiquidity,24,2026-09-14 20:00:00+00:00,0.02937183759101568,0.8051598386648036,73
amihud_illiquidity,24,2026-09-14 21:00:00+00:00,0.039537223340040235,0.7433946689456501,71
amihud_illiquidity,24,2026-09-14 22:00:00+00:00,0.024954329557910125,0.8387200135840968,69
amihud_illiquidity,24,2026-09-14 23:00:00+00:00,0.04027498323272971,0.7387759866738312,71
amihud_illiquidity,24,2026-09-15 00:00:00+00:00,0.01498993963782696,0.90125790589916,71
amihud_illiquidity,24,2026-09-15 01:00:00+00:00,0.00288688653661097,0.9810770950932178,70
amihud_illiquidity,24,2026-09-15 02:00:00+00:00,0.07145856395770507,0.5625360966806919,68
amihud_illiquidity,24,2026-09-15 03:00:00+00:00,0.07709293394777267,0.5481413267090498,63
amihud_illiquidity,24,2026-09-15 04:00:00+00:00,0.059657947686116694,0.6211616419392961,71
amihud_illiquidity,24,2026-09-15 05:00:00+00:00,-0.02626254914684887,0.8316482900395157,68
amihud_illiquidity,24,2026-09-15 06:00:00+00:00,0.02427758903691262,0.844206768774226,68
amihud_illiquidity,24,2026-09-15 07:00:00+00:00,-0.04603494623655914,0.7201456431800343,63
chain_volume_breadth,24,2026-09-06 11:00:00+00:00,0.06172133998483677,0.9075355544798589,6
chain_volume_breadth,24,2026-09-07 15:00:00+00:00,0.28867513459481287,0.5300916186704536,7
chain_volume_breadth,24,2026-09-08 08:00:00+00:00,0.8660254037844386,0.05766888562243736,5
chain_volume_breadth,24,2026-09-08 13:00:00+00:00,0.0,1.0,6
chain_volume_breadth,24,2026-09-08 15:00:00+00:00,-0.22360679774997896,0.7176856442107858,5
chain_volume_breadth,24,2026-09-08 16:00:00+00:00,-0.22169722565685296,0.5977372990992803,8
chain_volume_breadth,24,2026-09-08 17:00:00+00:00,0.28867513459481287,0.6376180914006019,5
chain_volume_breadth,24,2026-09-08 19:00:00+00:00,0.05270462766947299,0.9329254642331789,5
chain_volume_breadth,24,2026-09-09 00:00:00+00:00,0.28867513459481287,0.6376180914006019,5
chain_volume_breadth,24,2026-09-09 12:00:00+00:00,0.11180339887498948,0.8579446176050993,5
chain_volume_breadth,24,2026-09-09 13:00:00+00:00,-0.555492059863531,0.2524663994407912,6
chain_volume_breadth,24,2026-09-09 14:00:00+00:00,-0.11180339887498948,0.8579446176050993,5
chain_volume_breadth,24,2026-09-09 15:00:00+00:00,-0.15811388300841894,0.7349201962234642,7
chain_volume_breadth,24,2026-09-09 16:00:00+00:00,0.0,1.0,5
chain_volume_breadth,24,2026-09-09 17:00:00+00:00,-0.36004114991154784,0.38099406723669205,8
chain_volume_breadth,24,2026-09-09 18:00:00+00:00,-0.6123724356957946,0.14381080871160376,7
chain_volume_breadth,24,2026-09-09 22:00:00+00:00,-0.4879500364742666,0.3261642353450602,6
chain_volume_breadth,24,2026-09-10 02:00:00+00:00,-0.4472135954999579,0.4501848557521007,5
chain_volume_breadth,24,2026-09-10 07:00:00+00:00,-0.7905694150420949,0.11136715471408383,5
chain_volume_breadth,24,2026-09-10 10:00:00+00:00,-0.11180339887498948,0.8579446176050993,5
chain_volume_breadth,24,2026-09-10 11:00:00+00:00,-0.3162277660168379,0.4895897445644279,7
chain_volume_breadth,24,2026-09-10 12:00:00+00:00,-0.26066518635005864,0.4131939250521024,12
chain_volume_breadth,24,2026-09-10 13:00:00+00:00,0.5175491695067657,0.15356424921807718,9
chain_volume_breadth,24,2026-09-10 14:00:00+00:00,-0.2613098319673951,0.4658431380661244,10
chain_volume_breadth,24,2026-09-10 15:00:00+00:00,-0.16903085094570333,0.6890522264439651,8
chain_volume_breadth,24,2026-09-10 16:00:00+00:00,-0.2777460299317655,0.5940940162568629,6
chain_volume_breadth,24,2026-09-10 17:00:00+00:00,0.18257418583505536,0.6382401514757153,9
chain_volume_breadth,24,2026-09-10 18:00:00+00:00,-0.4787549991450211,0.23006961196000492,8
chain_volume_breadth,24,2026-09-10 19:00:00+00:00,-0.15811388300841897,0.7995251457913304,5
chain_volume_breadth,24,2026-09-10 20:00:00+00:00,0.5773502691896257,0.3080680092503572,5
chain_volume_breadth,24,2026-09-10 21:00:00+00:00,0.3086066999241838,0.5517855072529714,6
chain_volume_breadth,24,2026-09-10 23:00:00+00:00,0.0,1.0,5
chain_volume_breadth,24,2026-09-11 02:00:00+00:00,0.35355339059327373,0.5594043441634877,5
chain_volume_breadth,24,2026-09-11 03:00:00+00:00,-0.5773502691896257,0.1746878142641194,7
chain_volume_breadth,24,2026-09-11 04:00:00+00:00,-0.27386127875258304,0.4757972385180242,9
chain_volume_breadth,24,2026-09-11 06:00:00+00:00,0.7406560798180413,0.09216726216588658,6
chain_volume_breadth,24,2026-09-11 07:00:00+00:00,-0.9258200997725515,0.008049893100837697,6
chain_volume_breadth,24,2026-09-11 08:00:00+00:00,0.35355339059327373,0.5594043441634877,5
chain_volume_breadth,24,2026-09-11 09:00:00+00:00,-0.497468338163091,0.14346146559508563,10
chain_volume_breadth,24,2026-09-11 10:00:00+00:00,-0.4119429204355498,0.20806446676185558,11
chain_volume_breadth,24,2026-09-11 11:00:00+00:00,-0.015267620413811482,0.9624390155325977,12
chain_volume_breadth,24,2026-09-11 12:00:00+00:00,0.16183471874253744,0.6345037207713865,11
chain_volume_breadth,24,2026-09-11 13:00:00+00:00,0.09962153657443028,0.7460858230763647,13
chain_volume_breadth,24,2026-09-11 14:00:00+00:00,-0.39036002917941326,0.18726644316515959,13
chain_volume_breadth,24,2026-09-11 15:00:00+00:00,-0.045188680072809045,0.8680184662121071,16
chain_volume_breadth,24,2026-09-11 16:00:00+00:00,-0.18557687223952254,0.507860722329454,15
chain_volume_breadth,24,2026-09-11 17:00:00+00:00,0.29649972666444047,0.32526954838009714,13
chain_volume_breadth,24,2026-09-11 18:00:00+00:00,-0.472455591261534,0.05548712484360717,17
chain_volume_breadth,24,2026-09-11 19:00:00+00:00,-0.10726598382247306,0.6925452372768102,16
chain_volume_breadth,24,2026-09-11 20:00:00+00:00,0.09128709291752768,0.8153180714600264,9
chain_volume_breadth,24,2026-09-11 21:00:00+00:00,-0.4162052056699595,0.17837368409261067,12
chain_volume_breadth,24,2026-09-11 22:00:00+00:00,0.21908902300206642,0.571145076672737,9
chain_volume_breadth,24,2026-09-11 23:00:00+00:00,-0.24518082380895204,0.46743521222818013,11
chain_volume_breadth,24,2026-09-12 00:00:00+00:00,0.2203851922915822,0.4121079835237039,16
chain_volume_breadth,24,2026-09-12 01:00:00+00:00,-0.03102526139970115,0.909189691203672,16
chain_volume_breadth,24,2026-09-12 02:00:00+00:00,0.08435299671687031,0.7236543767235435,20
chain_volume_breadth,24,2026-09-12 03:00:00+00:00,0.050258376028536396,0.8242264146270106,22
chain_volume_breadth,24,2026-09-12 04:00:00+00:00,-0.016851723428903998,0.9362767863556415,25
chain_volume_breadth,24,2026-09-12 05:00:00+00:00,-0.21949393345649298,0.3665896894573568,19
chain_volume_breadth,24,2026-09-12 06:00:00+00:00,-0.11509728824499836,0.5837949801303759,25
chain_volume_breadth,24,2026-09-12 07:00:00+00:00,0.01438645991800725,0.9432223070535001,27
chain_volume_breadth,24,2026-09-12 08:00:00+00:00,-0.16640559615506018,0.1623990941649158,72
chain_volume_breadth,24,2026-09-12 09:00:00+00:00,-0.2691739995244065,0.022229718913522697,72
chain_volume_breadth,24,2026-09-12 10:00:00+00:00,-0.0541231970292935,0.6539481743079597,71
chain_volume_breadth,24,2026-09-12 11:00:00+00:00,-0.07460534068307785,0.5304615736204261,73
chain_volume_breadth,24,2026-09-12 12:00:00+00:00,-0.11749217044719948,0.3436890399137549,67
chain_volume_breadth,24,2026-09-12 13:00:00+00:00,-0.07394931263472984,0.5370071597289343,72
chain_volume_breadth,24,2026-09-12 14:00:00+00:00,-0.07969977941628348,0.5150605606124731,69
chain_volume_breadth,24,2026-09-12 15:00:00+00:00,-0.03397069730243088,0.7754001146875213,73
chain_volume_breadth,24,2026-09-12 16:00:00+00:00,0.007820244679791873,0.9499195788679785,67
chain_volume_breadth,24,2026-09-12 17:00:00+00:00,-0.02912151502262164,0.8150365401788549,67
chain_volume_breadth,24,2026-09-12 18:00:00+00:00,0.13328060097419178,0.27135683897112434,70
chain_volume_breadth,24,2026-09-12 19:00:00+00:00,-0.0276950211767109,0.8212849268681724,69
chain_volume_breadth,24,2026-09-12 20:00:00+00:00,0.04617749031747159,0.7171036948128267,64
chain_volume_breadth,24,2026-09-12 21:00:00+00:00,0.01490250242661105,0.9084762515902456,62
chain_volume_breadth,24,2026-09-12 22:00:00+00:00,0.05649915587686563,0.6574479940442067,64
chain_volume_breadth,24,2026-09-12 23:00:00+00:00,0.12714019422552963,0.32885461909143204,61
chain_volume_breadth,24,2026-09-13 00:00:00+00:00,0.12049012330274159,0.3429340114533149,64
chain_volume_breadth,24,2026-09-13 01:00:00+00:00,0.1995555275978799,0.11099732808470188,65
chain_volume_breadth,24,2026-09-13 02:00:00+00:00,0.294429250319746,0.01916309247074212,63
chain_volume_breadth,24,2026-09-13 03:00:00+00:00,0.16097912216393193,0.18636777048616085,69
chain_volume_breadth,24,2026-09-13 04:00:00+00:00,0.1765915398676085,0.1497085114456919,68
chain_volume_breadth,24,2026-09-13 05:00:00+00:00,0.17819702365356818,0.149096113496357,67
chain_volume_breadth,24,2026-09-13 06:00:00+00:00,0.1378722168733305,0.2621986966585693,68
chain_volume_breadth,24,2026-09-13 07:00:00+00:00,0.1456212007861437,0.22226410140145875,72
chain_volume_breadth,24,2026-09-13 08:00:00+00:00,0.0886211704970215,0.4623830267520359,71
chain_volume_breadth,24,2026-09-13 09:00:00+00:00,0.1453986979648112,0.22297904768570184,72
chain_volume_breadth,24,2026-09-13 10:00:00+00:00,-0.01733710453753321,0.8826324194313517,75
chain_volume_breadth,24,2026-09-13 11:00:00+00:00,-0.07110143755408527,0.564495384965652,68
chain_volume_breadth,24,2026-09-13 12:00:00+00:00,-0.15967424803542637,0.17417131564566557,74
chain_volume_breadth,24,2026-09-13 13:00:00+00:00,0.06177416728010651,0.5886274106640225,79
chain_volume_breadth,24,2026-09-13 14:00:00+00:00,0.10682671505657694,0.3616519759832793,75
chain_volume_breadth,24,2026-09-13 15:00:00+00:00,0.008025406868776374,0.9474276541031481,70
chain_volume_breadth,24,2026-09-13 16:00:00+00:00,-0.10256013677070945,0.401705507269775,69
chain_volume_breadth,24,2026-09-13 17:00:00+00:00,-0.07294573598183567,0.5368103128968975,74
chain_volume_breadth,24,2026-09-13 18:00:00+00:00,-0.17022104601297167,0.15284588279736216,72
chain_volume_breadth,24,2026-09-13 19:00:00+00:00,-0.10113177414733908,0.3945792721614541,73
chain_volume_breadth,24,2026-09-13 20:00:00+00:00,-0.16797355959066623,0.16454067840828265,70
chain_volume_breadth,24,2026-09-13 21:00:00+00:00,-0.08927880997134248,0.4690593854558651,68
chain_volume_breadth,24,2026-09-13 22:00:00+00:00,0.008778164961566049,0.9416605039393482,72
chain_volume_breadth,24,2026-09-13 23:00:00+00:00,-0.15669527159273003,0.1985166467503238,69
chain_volume_breadth,24,2026-09-14 00:00:00+00:00,-0.07266207166665951,0.5651460738028548,65
chain_volume_breadth,24,2026-09-14 01:00:00+00:00,-0.021889502778795235,0.8541562433950965,73
chain_volume_breadth,24,2026-09-14 02:00:00+00:00,-0.03836797239751301,0.7652849811265541,63
chain_volume_breadth,24,2026-09-14 03:00:00+00:00,0.16749563918522792,0.15665509857056314,73
chain_volume_breadth,24,2026-09-14 04:00:00+00:00,0.1844304989067886,0.1236345378496442,71
chain_volume_breadth,24,2026-09-14 05:00:00+00:00,0.12863442528437943,0.2815348203231631,72
chain_volume_breadth,24,2026-09-14 06:00:00+00:00,0.18051870151327457,0.14071619751356604,68
chain_volume_breadth,24,2026-09-14 07:00:00+00:00,0.040227683434589025,0.7300760708566785,76
chain_volume_breadth,24,2026-09-14 08:00:00+00:00,0.04485434734105331,0.7143906599912822,69
chain_volume_breadth,24,2026-09-14 09:00:00+00:00,0.10723309189354485,0.3840894848931086,68
chain_volume_breadth,24,2026-09-14 10:00:00+00:00,0.11716387419618472,0.3134738357551233,76
chain_volume_breadth,24,2026-09-14 11:00:00+00:00,0.10157954563762775,0.4027385984393188,70
chain_volume_breadth,24,2026-09-14 12:00:00+00:00,0.15430272091711564,0.19885867543621974,71
chain_volume_breadth,24,2026-09-14 13:00:00+00:00,0.06105987799007424,0.5978275489827841,77
chain_volume_breadth,24,2026-09-14 14:00:00+00:00,0.38774635867119567,0.0006417808021551845,74
chain_volume_breadth,24,2026-09-14 15:00:00+00:00,0.4658748568758113,4.23504074667776e-05,71
chain_volume_breadth,24,2026-09-14 16:00:00+00:00,0.40965358429453175,0.00023808102383544077,76
chain_volume_breadth,24,2026-09-14 17:00:00+00:00,0.3907617311759672,0.00028384565903414634,82
chain_volume_breadth,24,2026-09-14 18:00:00+00:00,0.25301145504926303,0.026411333622539276,77
chain_volume_breadth,24,2026-09-14 19:00:00+00:00,0.29318652099258263,0.00966033307073204,77
chain_volume_breadth,24,2026-09-14 20:00:00+00:00,0.3202496873762542,0.0037794555824804802,80
chain_volume_breadth,24,2026-09-14 21:00:00+00:00,0.17816920738315994,0.1315291737470635,73
chain_volume_breadth,24,2026-09-14 22:00:00+00:00,0.31848141071258845,0.0056845735196193415,74
chain_volume_breadth,24,2026-09-14 23:00:00+00:00,0.2318611593319616,0.045325897135206704,75
chain_volume_breadth,24,2026-09-15 00:00:00+00:00,0.3588721889811716,0.0016901806387780488,74
chain_volume_breadth,24,2026-09-15 01:00:00+00:00,0.19504771540071258,0.0935542959148817,75
chain_volume_breadth,24,2026-09-15 02:00:00+00:00,0.3210113352487463,0.005292909327334308,74
chain_volume_breadth,24,2026-09-15 03:00:00+00:00,0.21009798081032366,0.08314565284031264,69
chain_volume_breadth,24,2026-09-15 04:00:00+00:00,0.270393424897378,0.01896432203171328,75
chain_volume_breadth,24,2026-09-15 05:00:00+00:00,0.16067864676354918,0.17755512523043995,72
chain_volume_breadth,24,2026-09-15 06:00:00+00:00,0.295845465144883,0.012897466644337576,70
chain_volume_breadth,24,2026-09-15 07:00:00+00:00,0.32219931742211877,0.007837351485097526,67
market_vol_regime,24,2026-09-06 11:00:00+00:00,0.0,1.0,5
market_vol_regime,24,2026-09-06 14:00:00+00:00,-0.5773502691896257,0.3080680092503572,5
market_vol_regime,24,2026-09-07 15:00:00+00:00,0.28867513459481287,0.5300916186704536,7
market_vol_regime,24,2026-09-07 16:00:00+00:00,0.14433756729740643,0.7575093876521792,7
market_vol_regime,24,2026-09-08 08:00:00+00:00,0.7826237921249264,0.11761376087345812,5
market_vol_regime,24,2026-09-08 13:00:00+00:00,-0.7171371656006363,0.10870095132492351,6
market_vol_regime,24,2026-09-08 15:00:00+00:00,-0.3354101966249684,0.5810906728217107,5
market_vol_regime,24,2026-09-08 16:00:00+00:00,-0.22169722565685296,0.5977372990992803,8
market_vol_regime,24,2026-09-08 17:00:00+00:00,0.28867513459481287,0.6376180914006019,5
market_vol_regime,24,2026-09-08 19:00:00+00:00,0.05270462766947299,0.9329254642331789,5
market_vol_regime,24,2026-09-09 00:00:00+00:00,0.28867513459481287,0.6376180914006019,5
market_vol_regime,24,2026-09-09 12:00:00+00:00,0.11180339887498948,0.8579446176050993,5
market_vol_regime,24,2026-09-09 13:00:00+00:00,0.0,1.0,6
market_vol_regime,24,2026-09-09 14:00:00+00:00,0.11180339887498948,0.8579446176050993,5
market_vol_regime,24,2026-09-09 15:00:00+00:00,-0.08908708063747481,0.8493605139958288,7
market_vol_regime,24,2026-09-09 16:00:00+00:00,0.0,1.0,5
market_vol_regime,24,2026-09-09 17:00:00+00:00,-0.051434449987363975,0.9037303587505288,8
market_vol_regime,24,2026-09-09 18:00:00+00:00,-0.23145502494313788,0.617509540176697,7
market_vol_regime,24,2026-09-09 19:00:00+00:00,-0.7071067811865475,0.18169011381620942,5
market_vol_regime,24,2026-09-09 22:00:00+00:00,-0.4879500364742666,0.3261642353450602,6
market_vol_regime,24,2026-09-10 02:00:00+00:00,-0.4472135954999579,0.4501848557521007,5
market_vol_regime,24,2026-09-10 07:00:00+00:00,-0.7905694150420949,0.11136715471408383,5
market_vol_regime,24,2026-09-10 10:00:00+00:00,-0.11180339887498948,0.8579446176050993,5
market_vol_regime,24,2026-09-10 11:00:00+00:00,-0.4346591439606114,0.3297824591160924,7
market_vol_regime,24,2026-09-10 12:00:00+00:00,-0.26066518635005864,0.4131939250521024,12
market_vol_regime,24,2026-09-10 13:00:00+00:00,-0.36525703061364667,0.33374437449799105,9
market_vol_regime,24,2026-09-10 14:00:00+00:00,-0.2613098319673951,0.4658431380661244,10
market_vol_regime,24,2026-09-10 15:00:00+00:00,-0.24743582965269675,0.554646423221937,8
market_vol_regime,24,2026-09-10 16:00:00+00:00,-0.09258200997725516,0.8615237650768769,6
market_vol_regime,24,2026-09-10 17:00:00+00:00,0.0,1.0,9
market_vol_regime,24,2026-09-10 18:00:00+00:00,-0.629940788348712,0.09413276656581648,8
market_vol_regime,24,2026-09-10 19:00:00+00:00,0.15811388300841897,0.7995251457913304,5
market_vol_regime,24,2026-09-10 20:00:00+00:00,0.5773502691896257,0.3080680092503572,5
market_vol_regime,24,2026-09-10 21:00:00+00:00,0.3086066999241838,0.5517855072529714,6
market_vol_regime,24,2026-09-11 02:00:00+00:00,0.22360679774997896,0.7176856442107858,5
market_vol_regime,24,2026-09-11 03:00:00+00:00,-0.3086066999241838,0.500680390190095,7
market_vol_regime,24,2026-09-11 04:00:00+00:00,0.0,1.0,9
market_vol_regime,24,2026-09-11 06:00:00+00:00,-0.555492059863531,0.2524663994407912,6
market_vol_regime,24,2026-09-11 07:00:00+00:00,0.0,1.0,6
market_vol_regime,24,2026-09-11 08:00:00+00:00,-0.35355339059327373,0.5594043441634877,5
market_vol_regime,24,2026-09-11 09:00:00+00:00,-0.29536374926961084,0.4073689675648077,10
market_vol_regime,24,2026-09-11 10:00:00+00:00,0.2353959545345999,0.48593506174099627,11
market_vol_regime,24,2026-09-11 11:00:00+00:00,-0.10687334289668038,0.7409558464620081,12
market_vol_regime,24,2026-09-11 12:00:00+00:00,-0.16183471874253744,0.6345037207713865,11
market_vol_regime,24,2026-09-11 13:00:00+00:00,-0.6328897617669689,0.020250539048358076,13
market_vol_regime,24,2026-09-11 14:00:00+00:00,-0.6851442482070562,0.009756312808497385,13
market_vol_regime,24,2026-09-11 15:00:00+00:00,0.12552411131335844,0.6432159813050872,16
market_vol_regime,24,2026-09-11 16:00:00+00:00,-0.2519773379685596,0.36494482082893764,15
market_vol_regime,24,2026-09-11 17:00:00+00:00,-0.45710374527434566,0.116325589379386,13
market_vol_regime,24,2026-09-11 18:00:00+00:00,-0.432135815701443,0.0832239190375849,17
market_vol_regime,24,2026-09-11 19:00:00+00:00,-0.02475368857441686,0.9274957878369288,16
market_vol_regime,24,2026-09-11 20:00:00+00:00,0.09128709291752768,0.8153180714600264,9
market_vol_regime,24,2026-09-11 21:00:00+00:00,-0.4162052056699595,0.17837368409261067,12
market_vol_regime,24,2026-09-11 22:00:00+00:00,0.21908902300206642,0.571145076672737,9
market_vol_regime,24,2026-09-11 23:00:00+00:00,0.36244121780453775,0.2733342880347091,11
market_vol_regime,24,2026-09-12 00:00:00+00:00,0.160136003032013,0.5535635612493732,16
market_vol_regime,24,2026-09-12 01:00:00+00:00,-0.03102526139970115,0.909189691203672,16
market_vol_regime,24,2026-09-12 02:00:00+00:00,0.14512315027224043,0.5533254617204525,19
market_vol_regime,24,2026-09-12 03:00:00+00:00,0.061275811137087945,0.7918921624384946,21
market_vol_regime,24,2026-09-12 04:00:00+00:00,0.20610954039967197,0.3229303613684123,25
market_vol_regime,24,2026-09-12 05:00:00+00:00,0.29139711855430966,0.22611539533839578,19
market_vol_regime,24,2026-09-12 06:00:00+00:00,0.21326850468926173,0.30603039214953154,25
market_vol_regime,24,2026-09-12 07:00:00+00:00,0.2914094555484724,0.14027054234993033,27
market_vol_regime,24,2026-09-12 08:00:00+00:00,-0.08964430502546787,0.4539451393572626,72
market_vol_regime,24,2026-09-12 09:00:00+00:00,-0.06133354156089203,0.6087865798205051,72
market_vol_regime,24,2026-09-12 10:00:00+00:00,0.08392755689523387,0.486514763037506,71
market_vol_regime,24,2026-09-12 11:00:00+00:00,0.07460534068307785,0.5304615736204261,73
market_vol_regime,24,2026-09-12 12:00:00+00:00,0.11749217044719948,0.3436890399137549,67
market_vol_regime,24,2026-09-12 13:00:00+00:00,0.08948938557970929,0.45472876765284626,72
market_vol_regime,24,2026-09-12 14:00:00+00:00,0.09354393990060852,0.44455898086610063,69
market_vol_regime,24,2026-09-12 15:00:00+00:00,0.04411101512029183,0.7109651425582194,73
market_vol_regime,24,2026-09-12 16:00:00+00:00,-0.007981291768237295,0.948889607121123,67
market_vol_regime,24,2026-09-12 17:00:00+00:00,0.02912151502262164,0.8150365401788549,67
market_vol_regime,24,2026-09-12 18:00:00+00:00,-0.13328060097419178,0.27135683897112434,70
market_vol_regime,24,2026-09-12 19:00:00+00:00,-0.015910589006196952,0.8967586975960489,69
market_vol_regime,24,2026-09-12 20:00:00+00:00,-0.04617749031747159,0.7171036948128267,64
market_vol_regime,24,2026-09-12 21:00:00+00:00,-0.01490250242661105,0.9084762515902456,62
market_vol_regime,24,2026-09-12 22:00:00+00:00,-0.1559909354176088,0.21836655237305308,64
market_vol_regime,24,2026-09-12 23:00:00+00:00,-0.12714019422552963,0.32885461909143204,61
market_vol_regime,24,2026-09-13 00:00:00+00:00,-0.11113352101774261,0.38197784473333013,64
market_vol_regime,24,2026-09-13 01:00:00+00:00,-0.1721436787413086,0.17031316597559604,65
market_vol_regime,24,2026-09-13 02:00:00+00:00,-0.294429250319746,0.01916309247074212,63
market_vol_regime,24,2026-09-13 03:00:00+00:00,-0.14526549005480788,0.2336728730148503,69
market_vol_regime,24,2026-09-13 04:00:00+00:00,-0.20481593160929795,0.09384487794413443,68
market_vol_regime,24,2026-09-13 05:00:00+00:00,-0.17819702365356818,0.149096113496357,67
market_vol_regime,24,2026-09-13 06:00:00+00:00,-0.13775295024973766,0.26261566508224526,68
market_vol_regime,24,2026-09-13 07:00:00+00:00,-0.1456212007861437,0.22226410140145875,72
market_vol_regime,24,2026-09-13 08:00:00+00:00,-0.11056745092670844,0.3586504583967115,71
market_vol_regime,24,2026-09-13 09:00:00+00:00,-0.21528517485393162,0.06934818867111796,72
market_vol_regime,24,2026-09-13 10:00:00+00:00,-0.028224569503083077,0.8100400648853086,75
market_vol_regime,24,2026-09-13 11:00:00+00:00,0.02448407586269846,0.8428985032230214,68
market_vol_regime,24,2026-09-13 12:00:00+00:00,0.022621416758032725,0.8482840742731405,74
market_vol_regime,24,2026-09-13 13:00:00+00:00,-0.13001292589343735,0.2534473337478473,79
market_vol_regime,24,2026-09-13 14:00:00+00:00,-0.20497579564917356,0.07771339036846735,75
market_vol_regime,24,2026-09-13 15:00:00+00:00,-0.07251983304325137,0.5507704771081577,70
market_vol_regime,24,2026-09-13 16:00:00+00:00,-0.012205472504824387,0.9207113287770309,69
market_vol_regime,24,2026-09-13 17:00:00+00:00,-0.027726469265016353,0.8145994977203163,74
market_vol_regime,24,2026-09-13 18:00:00+00:00,0.059681895848608134,0.618484802019805,72
market_vol_regime,24,2026-09-13 19:00:00+00:00,0.06205631430260316,0.6019758805276189,73
market_vol_regime,24,2026-09-13 20:00:00+00:00,0.010873369629272397,0.9288135204156241,70
market_vol_regime,24,2026-09-13 21:00:00+00:00,-0.004708591030055142,0.9696012789946892,68
market_vol_regime,24,2026-09-13 22:00:00+00:00,-0.008778164961566049,0.9416605039393482,72
market_vol_regime,24,2026-09-13 23:00:00+00:00,0.07624912319049947,0.533475542969881,69
market_vol_regime,24,2026-09-14 00:00:00+00:00,0.09424216062029148,0.4552288659122915,65
market_vol_regime,24,2026-09-14 01:00:00+00:00,-0.05746395092588558,0.6291685290197305,73
market_vol_regime,24,2026-09-14 02:00:00+00:00,-0.034520067804296756,0.7882468622762465,63
market_vol_regime,24,2026-09-14 03:00:00+00:00,-0.1555545932333489,0.18880069690637405,73
market_vol_regime,24,2026-09-14 04:00:00+00:00,-0.17330573212012593,0.14836188565157563,71
market_vol_regime,24,2026-09-14 05:00:00+00:00,-0.13429567993882216,0.26071752689802413,72
market_vol_regime,24,2026-09-14 06:00:00+00:00,-0.15865451172417502,0.19627220818505364,68
market_vol_regime,24,2026-09-14 07:00:00+00:00,0.030909406480814167,0.7909636852150808,76
market_vol_regime,24,2026-09-14 08:00:00+00:00,0.05815860290831489,0.6350164678649215,69
market_vol_regime,24,2026-09-14 09:00:00+00:00,0.0893774429195966,0.4685664959761199,68
market_vol_regime,24,2026-09-14 10:00:00+00:00,0.07982375033157478,0.4930605153372174,76
market_vol_regime,24,2026-09-14 11:00:00+00:00,0.07977479815977824,0.5115194962430852,70
market_vol_regime,24,2026-09-14 12:00:00+00:00,0.05688515164245115,0.637500284438384,71
market_vol_regime,24,2026-09-14 13:00:00+00:00,0.12100064333035276,0.29451559868514304,77
market_vol_regime,24,2026-09-14 14:00:00+00:00,-0.1423021427648165,0.22648805973078331,74
market_vol_regime,24,2026-09-14 15:00:00+00:00,-0.11494932928312304,0.33980178919485216,71
market_vol_regime,24,2026-09-14 16:00:00+00:00,-0.07896325361841126,0.4977483846938851,76
market_vol_regime,24,2026-09-14 17:00:00+00:00,-0.01881453350856734,0.8667625564207648,82
market_vol_regime,24,2026-09-14 18:00:00+00:00,-0.051190436449915465,0.6583899674159486,77
market_vol_regime,24,2026-09-14 19:00:00+00:00,-0.12876860692109093,0.2643740450591407,77
market_vol_regime,24,2026-09-14 20:00:00+00:00,-0.05724469233625294,0.6140030196170789,80
market_vol_regime,24,2026-09-14 21:00:00+00:00,-0.03682317738419912,0.7570993782804875,73
market_vol_regime,24,2026-09-14 22:00:00+00:00,-0.1237388402551872,0.2935512325455672,74
market_vol_regime,24,2026-09-14 23:00:00+00:00,-0.12803649605693798,0.2736402954017378,75
market_vol_regime,24,2026-09-15 00:00:00+00:00,-0.03608083838861826,0.7602181104714721,74
market_vol_regime,24,2026-09-15 01:00:00+00:00,-0.00198892979674418,0.9864881954970304,75
market_vol_regime,24,2026-09-15 02:00:00+00:00,-0.041208110596212065,0.7273906132447164,74
market_vol_regime,24,2026-09-15 03:00:00+00:00,0.018699024341295088,0.8787914607577268,69
market_vol_regime,24,2026-09-15 04:00:00+00:00,-0.005954373904858863,0.9595640032366312,75
market_vol_regime,24,2026-09-15 05:00:00+00:00,0.06615197171088436,0.5808801608722193,72
market_vol_regime,24,2026-09-15 06:00:00+00:00,-0.04609604444129378,0.7047439248637194,70
market_vol_regime,24,2026-09-15 07:00:00+00:00,-0.10241313184843126,0.4095513247254559,67
